job_description,An√°lise de dados,Brasil,2592000,1,1,1
"Sobre a vaga
A Zucchi √© reconhecida como a empresa mais inovadora do mercado de exporta√ß√£o de rochas naturais do Brasil. Por isso, buscamos os melhores para se desenvolver e aprender o nosso ""ZucchiWAY"", para encantar e levar servi√ßos e produtos de excel√™ncia para nossos clientes.

Programa de 01 ano para forma√ß√£o de Vendedores.

Se inscreva e venha fazer parte do nosso time!
Link: https://zucchi.solides.jobs/vacancies/243562

Quem estamos buscando:
Curso Superior Completo;
Fluente em ingl√™s e/ou espanhol;
Disponibilidade para Viagens;
Pacote Office;
Experi√™ncia no mercado de rochas ornamentais ser√° um diferencial;
Bom relacionamento interpessoal;
Habilidade em negocia√ß√£o;
Proatividade, resili√™ncia e boa comunica√ß√£o.",,,,,,
"Sobre a vaga
Est√°gio Comercial ‚Äì Apaixonados por VENDAS!

Seu crescimento e plano de carreira s√£o prioridades para n√≥s, por isso, nosso programa tem a possibilidade de efetiva√ß√£o EM AT√â 6 MESES!!!

Por que 6 meses? Antes de te efetivarmos, queremos te ensinar a vender e mostrar como ser bem sucedido na √°rea. Afinal, de que servem programas de est√°gio se n√£o proporcionam crescimento e aprendizado para seus participantes?

Atividades:

- Aprender a identificar e qualificar clientes potenciais usando as mais modernas tecnologias de mercado.

- Aprender a qualificar e avaliar risco de cr√©dito para novos clientes.

- Aprender a analisar demanda de novos clientes e elaborar or√ßamentos que vendem.

- Aprender a interagir com clientes via plataforma multicanal (whats, voz, email) e realizar atendimento de qualidade ao cliente;

- Aprender sobre funil de vendas, t√©cnicas de negocia√ß√£o de fechamento aplicadas a vendas internas para empresas;

Benef√≠cios:

- Bolsa-Aux√≠lio no valor de R$1.100,00;

- Seguro de Vida;

- Restaurante no local (sem descontos!);

- Vale-Transporte (R$8,80 o dia).

Hor√°rio e local:

- O est√°gio conta com 6 horas di√°rias e 1 hora de almo√ßo, sendo de segunda √† sexta. O hor√°rio dever√° ser acordado entre o per√≠odo de 08:00 √†s 18:00;

Local de atua√ß√£o:

- Rua Dona Ana N√©ri, 635 - Cambuci (100% presencial).

Ent√£o, se voc√™ cursa o ENSINO SUPERIOR em Administra√ß√£o, Com√©rcio Exterior, Gest√£o Comercial, Rela√ß√µes Internacionais, Marketing, Engenharia de produ√ß√£o, Processos gerenciais ou tecn√≥logos ou √°reas correlatas e busca se inserir no mercado de trabalho, crescer dentro de uma grande institui√ß√£o, esta oportunidade foi feita para voc√™!

Vem fazer parte do nosso time e nos ajude a realizar os seus sonhos!

Inscreva-se j√°!",,,,,,
"Sobre a vaga
Vaga para atuar na √°rea de: OpEX - Excel√™ncia Operacional

Principais Responsabilidades:
Participa√ß√£o e acompanhamento de reuni√µes dos times de projetos Kaizens e Pilares do programa de melhoria cont√≠nua;
An√°lise de dados e acompanhamento de entregas de resultados dos times;
An√°lise de custos e retorno financeiro dos projetos kaizens;
Acompanhamento de auditorias de kaizens finalizados;
Atualiza√ß√£o de indicadores;
Organiza√ß√£o das reuni√µes, treinamentos e materiais necess√°rios;

Pr√©-requisitos:
Ensino superior cursando: Engenharias, Farm√°cia ou Medicina Veterin√°ria;
Disponibilidade para uma jornada de est√°gio de 30 horas semanais durante o hor√°rio comercial e, preferencialmente, com possibilidade de realizar 2 anos de est√°gio.
Conhecimento Pacote Office (Word, Excel, PowerPoint);
Idioma: Ingl√™s ‚Äì ser√° considerado um diferencial;

Confira os benef√≠cios que a Dechra oferece:
Plano de sa√∫de;
Plano odontol√≥gico;
Seguro de vida;
Vale alimenta√ß√£o;
Restaurante na empresa;
Vale transporte;
Day off no dia anivers√°rio;",,,,,,
"Sobre a vaga
ABOUT THE TEAM AND OPPORTUNITY

As a member of the Bank Operations team you will:

Support the company‚Äôs growth through analyzing VTEX‚Äôs Cash Flow and supporting strategic decisions.
Evolve in a continuous learning process of SaaS market and financial analysis.
Develop and deliver financial reports to VTEX executives.

As a Bank Operations intern, you will:

Perform quantitative analysis of operational and financial data.
Have exposure to a dynamic environment and an international financial context.
Provide support to cash flow development and forecasting.
Build and manage financial databases by organizing and analyzing a wide range of data sources.
Prepare financial reports for internal use at the company by collecting, analyzing, formatting, and presenting information.At VTEX, we hope you have the proactive attitude to show results before someone asks you to.
AS A MEMBER OF OUR TEAM YOU WILL HAVE AUTONOMY TO

Ask anything, anytime;
Improve the area‚Äôs internal process;
Support ongoing area projects;
Share ideas and knowledge;
WE WANT SOMEONE WHO

Is currently based in Rio de Janeiro or S√£o Paulo;
Is currently enrolled in a Bachelor‚Äôs Degree in economics, statistics, business administration, engineering, actuarial sciences, or a related field;
Excel knowledge;
Ability to write and communicate in english;
Strong problem-solving, data driven and reporting skills;
Ease of learning and adaptation: we have the ability to change fast.
Knowledge of Python, Power BI and Spanish are plus
About VTEX

VTEX (NYSE: VTEX) is the enterprise digital commerce platform where global brands and retailers run their world of commerce. VTEX is trusted by more than 2,400 customers, such as AbInbev, Carrefour, Colgate, Motorola and Whirlpool, with over 3,200 active online stores across 38 countries*.

Founded in the year 2000, VTEX has a history of being unstoppable. Completely against the odds, VTEX is leading a high-tech industry and positioned above market giants. We are building an extraordinary future with more than 1,700 employees scattered across 18 locations in 12 countries in Latin America, North America, Europe, and Asia.

At VTEX, you will work in a challenge-driven environment and collaborate with amazing peers. If you are powerful individually, join us, and we will be unstoppable together.

as of FY ended on December 31st, 2021

BENEFITS

Competitive compensation
Profit-sharing
Flexible work schedule
Meal Allowance (Flash)
Transportation assistance
Possibility to join our equity program
Health, dental, and life insurance
Child Care assistance
Extended parental leaves
VTEX Care: our financial, legal, and mental assistance program
Totalpass partnership
Language scholarship: 65% subsidies in English, Spanish, Portuguese courses
Free shipping on 1000+ VTEX store

4875205004

4875205004

You don't have to meet all the job requirements! If you believe you can do the job and are a good match, we encourage you to apply.

At VTEX, we believe that diversity and inclusion are essential assets in creating an environment of high performance. We are committed to providing equal employment opportunities to all employees and applicants without regard to race, color, religion, sex, national origin, age, disability, or any other legally protected characteristic. We invite all interested applicants to apply for open positions at VTEX and join us in our commitment to building a more diverse and inclusive workplace.",,,,,,
"Sobre a vaga
Sobre a Pitang üß°

Desenvolvemos servi√ßos e solu√ß√µes de alta qualidade em Tecnologia de Informa√ß√£o e Comunica√ß√£o, atrav√©s do desenvolvimento de projetos exclusivos que suportam a transforma√ß√£o digital de nossos clientes. Atuamos nacionalmente atendendo corpora√ß√µes privadas e p√∫blicas, de m√©dio a grande porte, nas √°reas de finan√ßas e servi√ßos financeiros, energia, governo, ind√∫stria, servi√ßo e varejo.

Como √© ser uma Pessoa Pitangueira?

√â acreditar que as pessoas s√£o o aspecto mais importante no que fazemos no dia a dia e que a colabora√ß√£o entre elas gera resultados extraordin√°rios. Dedicamos todos os dias a entregar a melhor solu√ß√£o para seu cliente, se divertir enquanto faz isso e celebrar as conquistas durante o caminho.

Venha fazer parte da Pitang e junte-se ao nosso time! #VemPraPitang #beyourself

‚≠êTemos orgulho em ser a melhor empresa para se trabalhar de Pernambuco do ano de 2022 e estamos entre as 150 melhores do segmento de tecnologia do Brasil, pelo ranking da GPTW.

Como ser√° o seu dia a dia:
- Dar apoio na parte f√≠sica de recebimento de equipamentos, envio de m√°quinas, manuten√ß√£o e prepara√ß√£o dos computadores;
- Prestar suporte presencialmente √†s Pessoas Pitangueiras que atuam no setor administrativo;
- Apoiar o atendimento de visitantes na sede voltado para o suporte de TI;
- Realizar a abertura de equipamentos para manuten√ß√£o;
-Auxiliar com d√∫vidas referentes ao Microsoft 365.

Requisitos da Vaga:
- Se identificar como uma pessoa preta, parda ou ind√≠gena;
- Estar cursando uma gradua√ß√£o em tecnologia (Tecn√≥logo ou Bacharelado);
- Data de formatura prevista a partir de junho de 2025;
- Disponibilidade para atuar de forma presencial no bairro do Recife Antigo de segunda √† sexta das 9h √†s 16h (1 hora para almo√ßo).

Ser√° muito bacana se voc√™ tiver:
- Conhecimentos de sistemas operacionais (Windows e Linux);
*Inscri√ß√µes at√© dia 12/05/2023

Benef√≠cios
- Bolsa est√°gio de R$ 1.100,00
- Vale alimenta√ß√£o ou refei√ß√£o de R$ 726,00
- Vale Transporte
- Plano de Sa√∫de
- Plano Odontol√≥gico
- Gympass
- Parceria com Terapia Online
- Alura",,,,,,
"Sobre a vaga
Job Description

Nossa gente aqui na Ambev sonha GRANDE! Somos milhares de apaixonados pelo que fazemos. Nosso maior objetivo √© inovar no setor de bebidas com a maior qualidade e diversidade poss√≠vel, para que voc√™ possa brindar qualquer ocasi√£o escolhendo o que mais gosta!

A nossa Cultura √© focada em construir um ambiente inclusivo e colaborativo, onde as pessoas possam ser o melhor delas mesmas! Gente √© o nosso maior ativo, afinal sabemos que investir no potencial de nossos colaboradores √© trazer ainda mais qualidade ao nosso neg√≥cio e √†s nossas bebidas. Por isso, estamos sempre em busca de talentos diversos, dispostos a construir esse grande sonho com a gente de unir as pessoas por um mundo melhor.

Prazer, somos a Ambev e adorar√≠amos te ter com a gente.

Responsibilities and assignments

A Rotina Do Cargo Inclui

Oferecer suporte para a √°rea de atua√ß√£o, exercendo atividades que visam o desenvolvimento profissional do estagi√°rio, sendo compat√≠veis com o curso t√©cnico, visando futura efetiva√ß√£o.

Requirements And Qualifications

Forma√ß√£o:

Ensino T√©cnico em curso.

AS [AREAS DISPON√çVEIS PARA EST√ÅGIO S√ÉO: PACKAGING, ENERGIA & FLUIDOS, PROCESSO DE CERVEJA, GENTE & GEST√ÉO E ITF.

Additional information

Benef√≠cios

Bolsa aux√≠lio;
Plano de Sa√∫de;
Aux√≠lio Transporte ou fretado (dependendo a unidade);
Vale alimenta√ß√£o ou refeit√≥rio (dependendo a unidade);
Gympass;
Gente 360;
Sonhar, se desenvolver, construir e crescer dentro em um ambiente meritocr√°tico e inclusivo;
Fazer a diferen√ßa unindo as pessoas por um mundo melhor.

Seja bem-vindo √† Ambev

Atualmente a nossa Cultura passa por um processo de transforma√ß√£o e evolu√ß√£o. A nossa hist√≥ria e o nosso jeito de ser s√£o marcados por sonhos grandes que nos trouxeram at√© aqui e que nos enchem de orgulho! Mas acreditamos que o momento de evoluir √© sempre o agora e poder fazer isso junto com a nossa gente √© o que torna nossa jornada ainda mais incr√≠vel.

Nossa cultura honra o passado e hoje tamb√©m √© norteada por 3 principais valores que nos guiam para sermos uma cia cada vez mais inclusiva, diversa, colaborativa, tecnol√≥gica e conectada ao futuro do mundo e da nossa plataforma de neg√≥cios, s√£o eles: Escuta Ativa, Colabora√ß√£o e Vis√£o de Longo Prazo, cada um abarcando outras compet√™ncias que fazem parte do nosso jeito de ser.

Nos orgulhamos da nossa capacidade de realiza√ß√£o e paix√£o que nos trouxeram at√© aqui e para continuarmos a evoluir juntos te convidamos a fazer parte tamb√©m dessa jornada.

Prazer, somos a Ambev e adorar√≠amos te ter com a gente.

Vamos juntos?!",,,,,,
"Sobre a vaga
A BAT √© uma empresa global, l√≠der em bens de consumo.

Estamos em 180 pa√≠ses e temos mais de 53 mil colaboradores ao redor do mundo. No Brasil, somos l√≠der no setor de tabaco h√° mais de um s√©culo e estamos evoluindo em ritmo acelerado - como nenhuma outra organiza√ß√£o. Somos CORAJOSOS, R√ÅPIDOS, EMPODERADOS, DIVERSOS E RESPONS√ÅVEIS. Esses s√£o os princ√≠pios que moldam nossa postura no dia a dia e s√£o a ess√™ncia da nossa cultura enquanto constru√≠mos o pr√≥ximo cap√≠tulo em nossa hist√≥ria.

Venha fazer parte dessa jornada!

BAT BRASIL, ANTIGA SOUZA CRUZ, EST√Å BUSCANDO POR PESSOA ESTAGI√ÅRIA DO N√çVEL SUPERIOR ‚Äì CI√äNCIA DE DADOS APLICADA √Ä QU√çMICA ANAL√çTICA

N√çVEL DE SENIORIDADE Est√°gio

FUN√á√ÉO Marketing SR&D

LOCALIZA√á√ÉO Cachoeirinha

PROGRAMA DE EST√ÅGIO 2023.2

Para desenvolver novos talentos e l√≠deres do amanh√£, na BAT Brasil, antiga Souza Cruz, contamos com um super Programa de Est√°gio! Nossos estagi√°rios e estagi√°rias aprendem na pr√°tica, lideram seus pr√≥prios projetos com a possibilidade de se conectar com pessoas de diferentes pa√≠ses, al√©m de contarem com uma plataforma de treinamento online para desenvolvimento pessoal e profissional. S√£o empoderados e empoderadas para transformar e gerar um impacto positivo.

J√° pensou em fazer a diferen√ßa em uma empresa global?

Sua chance pode estar mais perto do que nunca! Que tal deixar seu curr√≠culo conosco e concorrer a alguma das oportunidades que teremos dentro do Programa de Est√°gio 2023.2?

Reporta a Sample Management Manager

N√≠vel de reporte Est√°gio

Escopo Geogr√°fico Brasil

VOC√ä SER√Å RESPONS√ÅVEL POR
Engajamento com as √°reas globais de pesquisa e desenvolvimento tecnol√≥gico
Participa√ß√£o ativa nos projetos de tecnologia e inova√ß√£o
Auxiliar em atividades relacionadas ao time de quimiometria, estat√≠stica e programa√ß√£o
Organizar arquivos e documentos relacionados √†s suas atividades, garantindo a pronta localiza√ß√£o das informa√ß√µes
Participar ativamente na execu√ß√£o de projetos de pesquisa e inova√ß√£o com foco em atividades relacionadas √† an√°lise dos resultados gerados em diferentes t√©cnicas anal√≠ticas
ESSA PODE SER A SUA OPORTUNIDADE?
Voc√™ est√° cursando Ensino Superior em Ci√™ncia de Dados, Engenharia da Computa√ß√£o, An√°lise e Desenvolvimento de Sistemas, Ci√™ncias da Computa√ß√£o, Sistemas de Informa√ß√£o, Qu√≠mica, Engenharia Qu√≠mica, Engenharia de Automa√ß√£o, Bioinform√°tica?
Vai se formar entre Agosto 2024 e Agosto 2025?
EXPERI√äNCIA, HABILIDADES E CONHECIMENTOS ESSENCIAIS
Cursando Ensino Superior em Ci√™ncia de Dados, Engenharia da Computa√ß√£o, An√°lise e Desenvolvimento de Sistemas, Ci√™ncias da Computa√ß√£o, Sistemas de Informa√ß√£o, Qu√≠mica, Engenharia Qu√≠mica, Engenharia de Automa√ß√£o, Bioinform√°tica
N√≠vel de conhecimento do Pacote Office Intermedi√°rio
N√≠vel de conhecimento de Ingl√™s Intermedi√°rio (Desej√°vel)
Experiencia com dados, an√°lises multivariadas e programa√ß√£o (Desej√°vel)
Disponibilidade para estagiar em regime de trabalho 100% presencial
Disponibilidade para estagiar 30 horas semanais
Data prevista de formatura entre Agosto 2024 e Agosto 2025
N√ìS SOMOS BAT

Estamos comprometidos com o nosso objetivo de construir Um Amanh√£ Melhor. √â isso que move as nossas pessoas. Veja quem √© a BAT
Top Employer Global
Presente em mais de 200 mercados, com 44 f√°bricas, em 42 pa√≠ses
L√≠der em diversidade no Financial Times e certificada pelo Global Equality Standard
Presente no √çndice de Sustentabilidade Dow Jones pelo 20¬∫ ano consecutivo ‚Äì e a √∫nica empresa de tabaco no √çndice Mundial
PERTENCER, ALCAN√áAR, JUNTOS

Colabora√ß√£o, diversidade e trabalho em equipe sustentam tudo o que fazemos aqui na BAT. Encorajamos diferentes pontos de vista e com isso entregamos resultados diferenciados com um alto padr√£o de excel√™ncia. Venha construir Um Amanh√£ Melhor com a gente!",,,,,,
"Sobre a vaga
A BAT √© uma empresa global, l√≠der em bens de consumo.

Estamos em 180 pa√≠ses e temos mais de 53 mil colaboradores ao redor do mundo. No Brasil, somos l√≠der no setor de tabaco h√° mais de um s√©culo e estamos evoluindo em ritmo acelerado - como nenhuma outra organiza√ß√£o. Somos CORAJOSOS, R√ÅPIDOS, EMPODERADOS, DIVERSOS E RESPONS√ÅVEIS. Esses s√£o os princ√≠pios que moldam nossa postura no dia a dia e s√£o a ess√™ncia da nossa cultura enquanto constru√≠mos o pr√≥ximo cap√≠tulo em nossa hist√≥ria.

Venha fazer parte dessa jornada!

BAT BRASIL, ANTIGA SOUZA CRUZ, EST√Å BUSCANDO POR PESSOA ESTAGI√ÅRIA DO N√çVEL SUPERIOR ‚Äì CI√äNCIA DE DADOS APLICADA √Ä QU√çMICA ANAL√çTICA

N√çVEL DE SENIORIDADE Est√°gio

FUN√á√ÉO Marketing SR&D

LOCALIZA√á√ÉO Cachoeirinha

PROGRAMA DE EST√ÅGIO 2023.2

Para desenvolver novos talentos e l√≠deres do amanh√£, na BAT Brasil, antiga Souza Cruz, contamos com um super Programa de Est√°gio! Nossos estagi√°rios e estagi√°rias aprendem na pr√°tica, lideram seus pr√≥prios projetos com a possibilidade de se conectar com pessoas de diferentes pa√≠ses, al√©m de contarem com uma plataforma de treinamento online para desenvolvimento pessoal e profissional. S√£o empoderados e empoderadas para transformar e gerar um impacto positivo.

J√° pensou em fazer a diferen√ßa em uma empresa global?

Sua chance pode estar mais perto do que nunca! Que tal deixar seu curr√≠culo conosco e concorrer a alguma das oportunidades que teremos dentro do Programa de Est√°gio 2023.2?

Reporta a Sample Management Manager

N√≠vel de reporte Est√°gio

Escopo Geogr√°fico Brasil

VOC√ä SER√Å RESPONS√ÅVEL POR
Engajamento com as √°reas globais de pesquisa e desenvolvimento tecnol√≥gico
Participa√ß√£o ativa nos projetos de tecnologia e inova√ß√£o
Auxiliar em atividades relacionadas ao time de quimiometria, estat√≠stica e programa√ß√£o
Organizar arquivos e documentos relacionados √†s suas atividades, garantindo a pronta localiza√ß√£o das informa√ß√µes
Participar ativamente na execu√ß√£o de projetos de pesquisa e inova√ß√£o com foco em atividades relacionadas √† an√°lise dos resultados gerados em diferentes t√©cnicas anal√≠ticas
ESSA PODE SER A SUA OPORTUNIDADE?
Voc√™ est√° cursando Ensino Superior em Ci√™ncia de Dados, Engenharia da Computa√ß√£o, An√°lise e Desenvolvimento de Sistemas, Ci√™ncias da Computa√ß√£o, Sistemas de Informa√ß√£o, Qu√≠mica, Engenharia Qu√≠mica, Engenharia de Automa√ß√£o, Bioinform√°tica?
Vai se formar entre Agosto 2024 e Agosto 2025?
EXPERI√äNCIA, HABILIDADES E CONHECIMENTOS ESSENCIAIS
Cursando Ensino Superior em Ci√™ncia de Dados, Engenharia da Computa√ß√£o, An√°lise e Desenvolvimento de Sistemas, Ci√™ncias da Computa√ß√£o, Sistemas de Informa√ß√£o, Qu√≠mica, Engenharia Qu√≠mica, Engenharia de Automa√ß√£o, Bioinform√°tica
N√≠vel de conhecimento do Pacote Office Intermedi√°rio
N√≠vel de conhecimento de Ingl√™s Intermedi√°rio (Desej√°vel)
Experiencia com dados, an√°lises multivariadas e programa√ß√£o (Desej√°vel)
Disponibilidade para estagiar em regime de trabalho 100% presencial
Disponibilidade para estagiar 30 horas semanais
Data prevista de formatura entre Agosto 2024 e Agosto 2025
N√ìS SOMOS BAT

Estamos comprometidos com o nosso objetivo de construir Um Amanh√£ Melhor. √â isso que move as nossas pessoas. Veja quem √© a BAT
Top Employer Global
Presente em mais de 200 mercados, com 44 f√°bricas, em 42 pa√≠ses
L√≠der em diversidade no Financial Times e certificada pelo Global Equality Standard
Presente no √çndice de Sustentabilidade Dow Jones pelo 20¬∫ ano consecutivo ‚Äì e a √∫nica empresa de tabaco no √çndice Mundial
PERTENCER, ALCAN√áAR, JUNTOS

Colabora√ß√£o, diversidade e trabalho em equipe sustentam tudo o que fazemos aqui na BAT. Encorajamos diferentes pontos de vista e com isso entregamos resultados diferenciados com um alto padr√£o de excel√™ncia. Venha construir Um Amanh√£ Melhor com a gente!",,,,,,
"Sobre a vaga
A BAT √© uma empresa global, l√≠der em bens de consumo.

Estamos em 180 pa√≠ses e temos mais de 53 mil colaboradores ao redor do mundo. No Brasil, somos l√≠der no setor de tabaco h√° mais de um s√©culo e estamos evoluindo em ritmo acelerado - como nenhuma outra organiza√ß√£o. Somos CORAJOSOS, R√ÅPIDOS, EMPODERADOS, DIVERSOS E RESPONS√ÅVEIS. Esses s√£o os princ√≠pios que moldam nossa postura no dia a dia e s√£o a ess√™ncia da nossa cultura enquanto constru√≠mos o pr√≥ximo cap√≠tulo em nossa hist√≥ria.

Venha fazer parte dessa jornada!

BAT BRASIL, ANTIGA SOUZA CRUZ, EST√Å BUSCANDO POR PESSOA ESTAGI√ÅRIA DO N√çVEL SUPERIOR ‚Äì CI√äNCIA DE DADOS APLICADA √Ä QU√çMICA ANAL√çTICA

N√çVEL DE SENIORIDADE Est√°gio

FUN√á√ÉO Marketing SR&D

LOCALIZA√á√ÉO Cachoeirinha

PROGRAMA DE EST√ÅGIO 2023.2

Para desenvolver novos talentos e l√≠deres do amanh√£, na BAT Brasil, antiga Souza Cruz, contamos com um super Programa de Est√°gio! Nossos estagi√°rios e estagi√°rias aprendem na pr√°tica, lideram seus pr√≥prios projetos com a possibilidade de se conectar com pessoas de diferentes pa√≠ses, al√©m de contarem com uma plataforma de treinamento online para desenvolvimento pessoal e profissional. S√£o empoderados e empoderadas para transformar e gerar um impacto positivo.

J√° pensou em fazer a diferen√ßa em uma empresa global?

Sua chance pode estar mais perto do que nunca! Que tal deixar seu curr√≠culo conosco e concorrer a alguma das oportunidades que teremos dentro do Programa de Est√°gio 2023.2?

Reporta a Sample Management Manager

N√≠vel de reporte Est√°gio

Escopo Geogr√°fico Brasil

VOC√ä SER√Å RESPONS√ÅVEL POR
Engajamento com as √°reas globais de pesquisa e desenvolvimento tecnol√≥gico
Participa√ß√£o ativa nos projetos de tecnologia e inova√ß√£o
Auxiliar em atividades relacionadas ao time de quimiometria, estat√≠stica e programa√ß√£o
Organizar arquivos e documentos relacionados √†s suas atividades, garantindo a pronta localiza√ß√£o das informa√ß√µes
Participar ativamente na execu√ß√£o de projetos de pesquisa e inova√ß√£o com foco em atividades relacionadas √† an√°lise dos resultados gerados em diferentes t√©cnicas anal√≠ticas
ESSA PODE SER A SUA OPORTUNIDADE?
Voc√™ est√° cursando Ensino Superior em Ci√™ncia de Dados, Engenharia da Computa√ß√£o, An√°lise e Desenvolvimento de Sistemas, Ci√™ncias da Computa√ß√£o, Sistemas de Informa√ß√£o, Qu√≠mica, Engenharia Qu√≠mica, Engenharia de Automa√ß√£o, Bioinform√°tica?
Vai se formar entre Agosto 2024 e Agosto 2025?
EXPERI√äNCIA, HABILIDADES E CONHECIMENTOS ESSENCIAIS
Cursando Ensino Superior em Ci√™ncia de Dados, Engenharia da Computa√ß√£o, An√°lise e Desenvolvimento de Sistemas, Ci√™ncias da Computa√ß√£o, Sistemas de Informa√ß√£o, Qu√≠mica, Engenharia Qu√≠mica, Engenharia de Automa√ß√£o, Bioinform√°tica
N√≠vel de conhecimento do Pacote Office Intermedi√°rio
N√≠vel de conhecimento de Ingl√™s Intermedi√°rio (Desej√°vel)
Experiencia com dados, an√°lises multivariadas e programa√ß√£o (Desej√°vel)
Disponibilidade para estagiar em regime de trabalho 100% presencial
Disponibilidade para estagiar 30 horas semanais
Data prevista de formatura entre Agosto 2024 e Agosto 2025
N√ìS SOMOS BAT

Estamos comprometidos com o nosso objetivo de construir Um Amanh√£ Melhor. √â isso que move as nossas pessoas. Veja quem √© a BAT
Top Employer Global
Presente em mais de 200 mercados, com 44 f√°bricas, em 42 pa√≠ses
L√≠der em diversidade no Financial Times e certificada pelo Global Equality Standard
Presente no √çndice de Sustentabilidade Dow Jones pelo 20¬∫ ano consecutivo ‚Äì e a √∫nica empresa de tabaco no √çndice Mundial
PERTENCER, ALCAN√áAR, JUNTOS

Colabora√ß√£o, diversidade e trabalho em equipe sustentam tudo o que fazemos aqui na BAT. Encorajamos diferentes pontos de vista e com isso entregamos resultados diferenciados com um alto padr√£o de excel√™ncia. Venha construir Um Amanh√£ Melhor com a gente!",,,,,,
"Sobre a vaga
A BAT √© uma empresa global, l√≠der em bens de consumo.

Estamos em 180 pa√≠ses e temos mais de 53 mil colaboradores ao redor do mundo. No Brasil, somos l√≠der no setor de tabaco h√° mais de um s√©culo e estamos evoluindo em ritmo acelerado - como nenhuma outra organiza√ß√£o. Somos CORAJOSOS, R√ÅPIDOS, EMPODERADOS, DIVERSOS E RESPONS√ÅVEIS. Esses s√£o os princ√≠pios que moldam nossa postura no dia a dia e s√£o a ess√™ncia da nossa cultura enquanto constru√≠mos o pr√≥ximo cap√≠tulo em nossa hist√≥ria.

Venha fazer parte dessa jornada!

BAT BRASIL, ANTIGA SOUZA CRUZ, EST√Å BUSCANDO POR PESSOA ESTAGI√ÅRIA DO N√çVEL SUPERIOR ‚Äì CI√äNCIA DE DADOS APLICADA √Ä QU√çMICA ANAL√çTICA

N√çVEL DE SENIORIDADE Est√°gio

FUN√á√ÉO Marketing SR&D

LOCALIZA√á√ÉO Cachoeirinha

PROGRAMA DE EST√ÅGIO 2023.2

Para desenvolver novos talentos e l√≠deres do amanh√£, na BAT Brasil, antiga Souza Cruz, contamos com um super Programa de Est√°gio! Nossos estagi√°rios e estagi√°rias aprendem na pr√°tica, lideram seus pr√≥prios projetos com a possibilidade de se conectar com pessoas de diferentes pa√≠ses, al√©m de contarem com uma plataforma de treinamento online para desenvolvimento pessoal e profissional. S√£o empoderados e empoderadas para transformar e gerar um impacto positivo.

J√° pensou em fazer a diferen√ßa em uma empresa global?

Sua chance pode estar mais perto do que nunca! Que tal deixar seu curr√≠culo conosco e concorrer a alguma das oportunidades que teremos dentro do Programa de Est√°gio 2023.2?

Reporta a Sample Management Manager

N√≠vel de reporte Est√°gio

Escopo Geogr√°fico Brasil

VOC√ä SER√Å RESPONS√ÅVEL POR
Engajamento com as √°reas globais de pesquisa e desenvolvimento tecnol√≥gico
Participa√ß√£o ativa nos projetos de tecnologia e inova√ß√£o
Auxiliar em atividades relacionadas ao time de quimiometria, estat√≠stica e programa√ß√£o
Organizar arquivos e documentos relacionados √†s suas atividades, garantindo a pronta localiza√ß√£o das informa√ß√µes
Participar ativamente na execu√ß√£o de projetos de pesquisa e inova√ß√£o com foco em atividades relacionadas √† an√°lise dos resultados gerados em diferentes t√©cnicas anal√≠ticas
ESSA PODE SER A SUA OPORTUNIDADE?
Voc√™ est√° cursando Ensino Superior em Ci√™ncia de Dados, Engenharia da Computa√ß√£o, An√°lise e Desenvolvimento de Sistemas, Ci√™ncias da Computa√ß√£o, Sistemas de Informa√ß√£o, Qu√≠mica, Engenharia Qu√≠mica, Engenharia de Automa√ß√£o, Bioinform√°tica?
Vai se formar entre Agosto 2024 e Agosto 2025?
EXPERI√äNCIA, HABILIDADES E CONHECIMENTOS ESSENCIAIS
Cursando Ensino Superior em Ci√™ncia de Dados, Engenharia da Computa√ß√£o, An√°lise e Desenvolvimento de Sistemas, Ci√™ncias da Computa√ß√£o, Sistemas de Informa√ß√£o, Qu√≠mica, Engenharia Qu√≠mica, Engenharia de Automa√ß√£o, Bioinform√°tica
N√≠vel de conhecimento do Pacote Office Intermedi√°rio
N√≠vel de conhecimento de Ingl√™s Intermedi√°rio (Desej√°vel)
Experiencia com dados, an√°lises multivariadas e programa√ß√£o (Desej√°vel)
Disponibilidade para estagiar em regime de trabalho 100% presencial
Disponibilidade para estagiar 30 horas semanais
Data prevista de formatura entre Agosto 2024 e Agosto 2025
N√ìS SOMOS BAT

Estamos comprometidos com o nosso objetivo de construir Um Amanh√£ Melhor. √â isso que move as nossas pessoas. Veja quem √© a BAT
Top Employer Global
Presente em mais de 200 mercados, com 44 f√°bricas, em 42 pa√≠ses
L√≠der em diversidade no Financial Times e certificada pelo Global Equality Standard
Presente no √çndice de Sustentabilidade Dow Jones pelo 20¬∫ ano consecutivo ‚Äì e a √∫nica empresa de tabaco no √çndice Mundial
PERTENCER, ALCAN√áAR, JUNTOS

Colabora√ß√£o, diversidade e trabalho em equipe sustentam tudo o que fazemos aqui na BAT. Encorajamos diferentes pontos de vista e com isso entregamos resultados diferenciados com um alto padr√£o de excel√™ncia. Venha construir Um Amanh√£ Melhor com a gente!",,,,,,
"Sobre a vaga
A BAT √© uma empresa global, l√≠der em bens de consumo.

Estamos em 180 pa√≠ses e temos mais de 53 mil colaboradores ao redor do mundo. No Brasil, somos l√≠der no setor de tabaco h√° mais de um s√©culo e estamos evoluindo em ritmo acelerado - como nenhuma outra organiza√ß√£o. Somos CORAJOSOS, R√ÅPIDOS, EMPODERADOS, DIVERSOS E RESPONS√ÅVEIS. Esses s√£o os princ√≠pios que moldam nossa postura no dia a dia e s√£o a ess√™ncia da nossa cultura enquanto constru√≠mos o pr√≥ximo cap√≠tulo em nossa hist√≥ria.

Venha fazer parte dessa jornada!

BAT BRASIL, ANTIGA SOUZA CRUZ, EST√Å BUSCANDO POR PESSOA ESTAGI√ÅRIA DO N√çVEL SUPERIOR ‚Äì CI√äNCIA DE DADOS APLICADA √Ä QU√çMICA ANAL√çTICA

N√çVEL DE SENIORIDADE Est√°gio

FUN√á√ÉO Marketing SR&D

LOCALIZA√á√ÉO Cachoeirinha

PROGRAMA DE EST√ÅGIO 2023.2

Para desenvolver novos talentos e l√≠deres do amanh√£, na BAT Brasil, antiga Souza Cruz, contamos com um super Programa de Est√°gio! Nossos estagi√°rios e estagi√°rias aprendem na pr√°tica, lideram seus pr√≥prios projetos com a possibilidade de se conectar com pessoas de diferentes pa√≠ses, al√©m de contarem com uma plataforma de treinamento online para desenvolvimento pessoal e profissional. S√£o empoderados e empoderadas para transformar e gerar um impacto positivo.

J√° pensou em fazer a diferen√ßa em uma empresa global?

Sua chance pode estar mais perto do que nunca! Que tal deixar seu curr√≠culo conosco e concorrer a alguma das oportunidades que teremos dentro do Programa de Est√°gio 2023.2?

Reporta a Sample Management Manager

N√≠vel de reporte Est√°gio

Escopo Geogr√°fico Brasil

VOC√ä SER√Å RESPONS√ÅVEL POR
Engajamento com as √°reas globais de pesquisa e desenvolvimento tecnol√≥gico
Participa√ß√£o ativa nos projetos de tecnologia e inova√ß√£o
Auxiliar em atividades relacionadas ao time de quimiometria, estat√≠stica e programa√ß√£o
Organizar arquivos e documentos relacionados √†s suas atividades, garantindo a pronta localiza√ß√£o das informa√ß√µes
Participar ativamente na execu√ß√£o de projetos de pesquisa e inova√ß√£o com foco em atividades relacionadas √† an√°lise dos resultados gerados em diferentes t√©cnicas anal√≠ticas
ESSA PODE SER A SUA OPORTUNIDADE?
Voc√™ est√° cursando Ensino Superior em Ci√™ncia de Dados, Engenharia da Computa√ß√£o, An√°lise e Desenvolvimento de Sistemas, Ci√™ncias da Computa√ß√£o, Sistemas de Informa√ß√£o, Qu√≠mica, Engenharia Qu√≠mica, Engenharia de Automa√ß√£o, Bioinform√°tica?
Vai se formar entre Agosto 2024 e Agosto 2025?
EXPERI√äNCIA, HABILIDADES E CONHECIMENTOS ESSENCIAIS
Cursando Ensino Superior em Ci√™ncia de Dados, Engenharia da Computa√ß√£o, An√°lise e Desenvolvimento de Sistemas, Ci√™ncias da Computa√ß√£o, Sistemas de Informa√ß√£o, Qu√≠mica, Engenharia Qu√≠mica, Engenharia de Automa√ß√£o, Bioinform√°tica
N√≠vel de conhecimento do Pacote Office Intermedi√°rio
N√≠vel de conhecimento de Ingl√™s Intermedi√°rio (Desej√°vel)
Experiencia com dados, an√°lises multivariadas e programa√ß√£o (Desej√°vel)
Disponibilidade para estagiar em regime de trabalho 100% presencial
Disponibilidade para estagiar 30 horas semanais
Data prevista de formatura entre Agosto 2024 e Agosto 2025
N√ìS SOMOS BAT

Estamos comprometidos com o nosso objetivo de construir Um Amanh√£ Melhor. √â isso que move as nossas pessoas. Veja quem √© a BAT
Top Employer Global
Presente em mais de 200 mercados, com 44 f√°bricas, em 42 pa√≠ses
L√≠der em diversidade no Financial Times e certificada pelo Global Equality Standard
Presente no √çndice de Sustentabilidade Dow Jones pelo 20¬∫ ano consecutivo ‚Äì e a √∫nica empresa de tabaco no √çndice Mundial
PERTENCER, ALCAN√áAR, JUNTOS

Colabora√ß√£o, diversidade e trabalho em equipe sustentam tudo o que fazemos aqui na BAT. Encorajamos diferentes pontos de vista e com isso entregamos resultados diferenciados com um alto padr√£o de excel√™ncia. Venha construir Um Amanh√£ Melhor com a gente!",,,,,,
"Sobre a vaga
A BAT √© uma empresa global, l√≠der em bens de consumo.

Estamos em 180 pa√≠ses e temos mais de 53 mil colaboradores ao redor do mundo. No Brasil, somos l√≠der no setor de tabaco h√° mais de um s√©culo e estamos evoluindo em ritmo acelerado - como nenhuma outra organiza√ß√£o. Somos CORAJOSOS, R√ÅPIDOS, EMPODERADOS, DIVERSOS E RESPONS√ÅVEIS. Esses s√£o os princ√≠pios que moldam nossa postura no dia a dia e s√£o a ess√™ncia da nossa cultura enquanto constru√≠mos o pr√≥ximo cap√≠tulo em nossa hist√≥ria.

Venha fazer parte dessa jornada!

BAT BRASIL, ANTIGA SOUZA CRUZ, EST√Å BUSCANDO POR PESSOA ESTAGI√ÅRIA DO N√çVEL SUPERIOR ‚Äì CI√äNCIA DE DADOS APLICADA √Ä QU√çMICA ANAL√çTICA

N√çVEL DE SENIORIDADE Est√°gio

FUN√á√ÉO Marketing SR&D

LOCALIZA√á√ÉO Cachoeirinha

PROGRAMA DE EST√ÅGIO 2023.2

Para desenvolver novos talentos e l√≠deres do amanh√£, na BAT Brasil, antiga Souza Cruz, contamos com um super Programa de Est√°gio! Nossos estagi√°rios e estagi√°rias aprendem na pr√°tica, lideram seus pr√≥prios projetos com a possibilidade de se conectar com pessoas de diferentes pa√≠ses, al√©m de contarem com uma plataforma de treinamento online para desenvolvimento pessoal e profissional. S√£o empoderados e empoderadas para transformar e gerar um impacto positivo.

J√° pensou em fazer a diferen√ßa em uma empresa global?

Sua chance pode estar mais perto do que nunca! Que tal deixar seu curr√≠culo conosco e concorrer a alguma das oportunidades que teremos dentro do Programa de Est√°gio 2023.2?

Reporta a Sample Management Manager

N√≠vel de reporte Est√°gio

Escopo Geogr√°fico Brasil

VOC√ä SER√Å RESPONS√ÅVEL POR
Engajamento com as √°reas globais de pesquisa e desenvolvimento tecnol√≥gico
Participa√ß√£o ativa nos projetos de tecnologia e inova√ß√£o
Auxiliar em atividades relacionadas ao time de quimiometria, estat√≠stica e programa√ß√£o
Organizar arquivos e documentos relacionados √†s suas atividades, garantindo a pronta localiza√ß√£o das informa√ß√µes
Participar ativamente na execu√ß√£o de projetos de pesquisa e inova√ß√£o com foco em atividades relacionadas √† an√°lise dos resultados gerados em diferentes t√©cnicas anal√≠ticas
ESSA PODE SER A SUA OPORTUNIDADE?
Voc√™ est√° cursando Ensino Superior em Ci√™ncia de Dados, Engenharia da Computa√ß√£o, An√°lise e Desenvolvimento de Sistemas, Ci√™ncias da Computa√ß√£o, Sistemas de Informa√ß√£o, Qu√≠mica, Engenharia Qu√≠mica, Engenharia de Automa√ß√£o, Bioinform√°tica?
Vai se formar entre Agosto 2024 e Agosto 2025?
EXPERI√äNCIA, HABILIDADES E CONHECIMENTOS ESSENCIAIS
Cursando Ensino Superior em Ci√™ncia de Dados, Engenharia da Computa√ß√£o, An√°lise e Desenvolvimento de Sistemas, Ci√™ncias da Computa√ß√£o, Sistemas de Informa√ß√£o, Qu√≠mica, Engenharia Qu√≠mica, Engenharia de Automa√ß√£o, Bioinform√°tica
N√≠vel de conhecimento do Pacote Office Intermedi√°rio
N√≠vel de conhecimento de Ingl√™s Intermedi√°rio (Desej√°vel)
Experiencia com dados, an√°lises multivariadas e programa√ß√£o (Desej√°vel)
Disponibilidade para estagiar em regime de trabalho 100% presencial
Disponibilidade para estagiar 30 horas semanais
Data prevista de formatura entre Agosto 2024 e Agosto 2025
N√ìS SOMOS BAT

Estamos comprometidos com o nosso objetivo de construir Um Amanh√£ Melhor. √â isso que move as nossas pessoas. Veja quem √© a BAT
Top Employer Global
Presente em mais de 200 mercados, com 44 f√°bricas, em 42 pa√≠ses
L√≠der em diversidade no Financial Times e certificada pelo Global Equality Standard
Presente no √çndice de Sustentabilidade Dow Jones pelo 20¬∫ ano consecutivo ‚Äì e a √∫nica empresa de tabaco no √çndice Mundial
PERTENCER, ALCAN√áAR, JUNTOS

Colabora√ß√£o, diversidade e trabalho em equipe sustentam tudo o que fazemos aqui na BAT. Encorajamos diferentes pontos de vista e com isso entregamos resultados diferenciados com um alto padr√£o de excel√™ncia. Venha construir Um Amanh√£ Melhor com a gente!",,,,,,
"Sobre a vaga
A BAT √© uma empresa global, l√≠der em bens de consumo.

Estamos em 180 pa√≠ses e temos mais de 53 mil colaboradores ao redor do mundo. No Brasil, somos l√≠der no setor de tabaco h√° mais de um s√©culo e estamos evoluindo em ritmo acelerado - como nenhuma outra organiza√ß√£o. Somos CORAJOSOS, R√ÅPIDOS, EMPODERADOS, DIVERSOS E RESPONS√ÅVEIS. Esses s√£o os princ√≠pios que moldam nossa postura no dia a dia e s√£o a ess√™ncia da nossa cultura enquanto constru√≠mos o pr√≥ximo cap√≠tulo em nossa hist√≥ria.

Venha fazer parte dessa jornada!

BAT BRASIL, ANTIGA SOUZA CRUZ, EST√Å BUSCANDO POR PESSOA ESTAGI√ÅRIA DO N√çVEL SUPERIOR ‚Äì CI√äNCIA DE DADOS APLICADA √Ä QU√çMICA ANAL√çTICA

N√çVEL DE SENIORIDADE Est√°gio

FUN√á√ÉO Marketing SR&D

LOCALIZA√á√ÉO Cachoeirinha

PROGRAMA DE EST√ÅGIO 2023.2

Para desenvolver novos talentos e l√≠deres do amanh√£, na BAT Brasil, antiga Souza Cruz, contamos com um super Programa de Est√°gio! Nossos estagi√°rios e estagi√°rias aprendem na pr√°tica, lideram seus pr√≥prios projetos com a possibilidade de se conectar com pessoas de diferentes pa√≠ses, al√©m de contarem com uma plataforma de treinamento online para desenvolvimento pessoal e profissional. S√£o empoderados e empoderadas para transformar e gerar um impacto positivo.

J√° pensou em fazer a diferen√ßa em uma empresa global?

Sua chance pode estar mais perto do que nunca! Que tal deixar seu curr√≠culo conosco e concorrer a alguma das oportunidades que teremos dentro do Programa de Est√°gio 2023.2?

Reporta a Sample Management Manager

N√≠vel de reporte Est√°gio

Escopo Geogr√°fico Brasil

VOC√ä SER√Å RESPONS√ÅVEL POR
Engajamento com as √°reas globais de pesquisa e desenvolvimento tecnol√≥gico
Participa√ß√£o ativa nos projetos de tecnologia e inova√ß√£o
Auxiliar em atividades relacionadas ao time de quimiometria, estat√≠stica e programa√ß√£o
Organizar arquivos e documentos relacionados √†s suas atividades, garantindo a pronta localiza√ß√£o das informa√ß√µes
Participar ativamente na execu√ß√£o de projetos de pesquisa e inova√ß√£o com foco em atividades relacionadas √† an√°lise dos resultados gerados em diferentes t√©cnicas anal√≠ticas
ESSA PODE SER A SUA OPORTUNIDADE?
Voc√™ est√° cursando Ensino Superior em Ci√™ncia de Dados, Engenharia da Computa√ß√£o, An√°lise e Desenvolvimento de Sistemas, Ci√™ncias da Computa√ß√£o, Sistemas de Informa√ß√£o, Qu√≠mica, Engenharia Qu√≠mica, Engenharia de Automa√ß√£o, Bioinform√°tica?
Vai se formar entre Agosto 2024 e Agosto 2025?
EXPERI√äNCIA, HABILIDADES E CONHECIMENTOS ESSENCIAIS
Cursando Ensino Superior em Ci√™ncia de Dados, Engenharia da Computa√ß√£o, An√°lise e Desenvolvimento de Sistemas, Ci√™ncias da Computa√ß√£o, Sistemas de Informa√ß√£o, Qu√≠mica, Engenharia Qu√≠mica, Engenharia de Automa√ß√£o, Bioinform√°tica
N√≠vel de conhecimento do Pacote Office Intermedi√°rio
N√≠vel de conhecimento de Ingl√™s Intermedi√°rio (Desej√°vel)
Experiencia com dados, an√°lises multivariadas e programa√ß√£o (Desej√°vel)
Disponibilidade para estagiar em regime de trabalho 100% presencial
Disponibilidade para estagiar 30 horas semanais
Data prevista de formatura entre Agosto 2024 e Agosto 2025
N√ìS SOMOS BAT

Estamos comprometidos com o nosso objetivo de construir Um Amanh√£ Melhor. √â isso que move as nossas pessoas. Veja quem √© a BAT
Top Employer Global
Presente em mais de 200 mercados, com 44 f√°bricas, em 42 pa√≠ses
L√≠der em diversidade no Financial Times e certificada pelo Global Equality Standard
Presente no √çndice de Sustentabilidade Dow Jones pelo 20¬∫ ano consecutivo ‚Äì e a √∫nica empresa de tabaco no √çndice Mundial
PERTENCER, ALCAN√áAR, JUNTOS

Colabora√ß√£o, diversidade e trabalho em equipe sustentam tudo o que fazemos aqui na BAT. Encorajamos diferentes pontos de vista e com isso entregamos resultados diferenciados com um alto padr√£o de excel√™ncia. Venha construir Um Amanh√£ Melhor com a gente!",,,,,,
"Sobre a vaga
A BAT √© uma empresa global, l√≠der em bens de consumo.

Estamos em 180 pa√≠ses e temos mais de 53 mil colaboradores ao redor do mundo. No Brasil, somos l√≠der no setor de tabaco h√° mais de um s√©culo e estamos evoluindo em ritmo acelerado - como nenhuma outra organiza√ß√£o. Somos CORAJOSOS, R√ÅPIDOS, EMPODERADOS, DIVERSOS E RESPONS√ÅVEIS. Esses s√£o os princ√≠pios que moldam nossa postura no dia a dia e s√£o a ess√™ncia da nossa cultura enquanto constru√≠mos o pr√≥ximo cap√≠tulo em nossa hist√≥ria.

Venha fazer parte dessa jornada!

BAT BRASIL, ANTIGA SOUZA CRUZ, EST√Å BUSCANDO POR PESSOA ESTAGI√ÅRIA DO N√çVEL SUPERIOR ‚Äì CI√äNCIA DE DADOS APLICADA √Ä QU√çMICA ANAL√çTICA

N√çVEL DE SENIORIDADE Est√°gio

FUN√á√ÉO Marketing SR&D

LOCALIZA√á√ÉO Cachoeirinha

PROGRAMA DE EST√ÅGIO 2023.2

Para desenvolver novos talentos e l√≠deres do amanh√£, na BAT Brasil, antiga Souza Cruz, contamos com um super Programa de Est√°gio! Nossos estagi√°rios e estagi√°rias aprendem na pr√°tica, lideram seus pr√≥prios projetos com a possibilidade de se conectar com pessoas de diferentes pa√≠ses, al√©m de contarem com uma plataforma de treinamento online para desenvolvimento pessoal e profissional. S√£o empoderados e empoderadas para transformar e gerar um impacto positivo.

J√° pensou em fazer a diferen√ßa em uma empresa global?

Sua chance pode estar mais perto do que nunca! Que tal deixar seu curr√≠culo conosco e concorrer a alguma das oportunidades que teremos dentro do Programa de Est√°gio 2023.2?

Reporta a Sample Management Manager

N√≠vel de reporte Est√°gio

Escopo Geogr√°fico Brasil

VOC√ä SER√Å RESPONS√ÅVEL POR
Engajamento com as √°reas globais de pesquisa e desenvolvimento tecnol√≥gico
Participa√ß√£o ativa nos projetos de tecnologia e inova√ß√£o
Auxiliar em atividades relacionadas ao time de quimiometria, estat√≠stica e programa√ß√£o
Organizar arquivos e documentos relacionados √†s suas atividades, garantindo a pronta localiza√ß√£o das informa√ß√µes
Participar ativamente na execu√ß√£o de projetos de pesquisa e inova√ß√£o com foco em atividades relacionadas √† an√°lise dos resultados gerados em diferentes t√©cnicas anal√≠ticas
ESSA PODE SER A SUA OPORTUNIDADE?
Voc√™ est√° cursando Ensino Superior em Ci√™ncia de Dados, Engenharia da Computa√ß√£o, An√°lise e Desenvolvimento de Sistemas, Ci√™ncias da Computa√ß√£o, Sistemas de Informa√ß√£o, Qu√≠mica, Engenharia Qu√≠mica, Engenharia de Automa√ß√£o, Bioinform√°tica?
Vai se formar entre Agosto 2024 e Agosto 2025?
EXPERI√äNCIA, HABILIDADES E CONHECIMENTOS ESSENCIAIS
Cursando Ensino Superior em Ci√™ncia de Dados, Engenharia da Computa√ß√£o, An√°lise e Desenvolvimento de Sistemas, Ci√™ncias da Computa√ß√£o, Sistemas de Informa√ß√£o, Qu√≠mica, Engenharia Qu√≠mica, Engenharia de Automa√ß√£o, Bioinform√°tica
N√≠vel de conhecimento do Pacote Office Intermedi√°rio
N√≠vel de conhecimento de Ingl√™s Intermedi√°rio (Desej√°vel)
Experiencia com dados, an√°lises multivariadas e programa√ß√£o (Desej√°vel)
Disponibilidade para estagiar em regime de trabalho 100% presencial
Disponibilidade para estagiar 30 horas semanais
Data prevista de formatura entre Agosto 2024 e Agosto 2025
N√ìS SOMOS BAT

Estamos comprometidos com o nosso objetivo de construir Um Amanh√£ Melhor. √â isso que move as nossas pessoas. Veja quem √© a BAT
Top Employer Global
Presente em mais de 200 mercados, com 44 f√°bricas, em 42 pa√≠ses
L√≠der em diversidade no Financial Times e certificada pelo Global Equality Standard
Presente no √çndice de Sustentabilidade Dow Jones pelo 20¬∫ ano consecutivo ‚Äì e a √∫nica empresa de tabaco no √çndice Mundial
PERTENCER, ALCAN√áAR, JUNTOS

Colabora√ß√£o, diversidade e trabalho em equipe sustentam tudo o que fazemos aqui na BAT. Encorajamos diferentes pontos de vista e com isso entregamos resultados diferenciados com um alto padr√£o de excel√™ncia. Venha construir Um Amanh√£ Melhor com a gente!",,,,,,
"Sobre a vaga
A BAT √© uma empresa global, l√≠der em bens de consumo.

Estamos em 180 pa√≠ses e temos mais de 53 mil colaboradores ao redor do mundo. No Brasil, somos l√≠der no setor de tabaco h√° mais de um s√©culo e estamos evoluindo em ritmo acelerado - como nenhuma outra organiza√ß√£o. Somos CORAJOSOS, R√ÅPIDOS, EMPODERADOS, DIVERSOS E RESPONS√ÅVEIS. Esses s√£o os princ√≠pios que moldam nossa postura no dia a dia e s√£o a ess√™ncia da nossa cultura enquanto constru√≠mos o pr√≥ximo cap√≠tulo em nossa hist√≥ria.

Venha fazer parte dessa jornada!

BAT BRASIL, ANTIGA SOUZA CRUZ, EST√Å BUSCANDO POR PESSOA ESTAGI√ÅRIA DO N√çVEL SUPERIOR ‚Äì CI√äNCIA DE DADOS APLICADA √Ä QU√çMICA ANAL√çTICA

N√çVEL DE SENIORIDADE Est√°gio

FUN√á√ÉO Marketing SR&D

LOCALIZA√á√ÉO Cachoeirinha

PROGRAMA DE EST√ÅGIO 2023.2

Para desenvolver novos talentos e l√≠deres do amanh√£, na BAT Brasil, antiga Souza Cruz, contamos com um super Programa de Est√°gio! Nossos estagi√°rios e estagi√°rias aprendem na pr√°tica, lideram seus pr√≥prios projetos com a possibilidade de se conectar com pessoas de diferentes pa√≠ses, al√©m de contarem com uma plataforma de treinamento online para desenvolvimento pessoal e profissional. S√£o empoderados e empoderadas para transformar e gerar um impacto positivo.

J√° pensou em fazer a diferen√ßa em uma empresa global?

Sua chance pode estar mais perto do que nunca! Que tal deixar seu curr√≠culo conosco e concorrer a alguma das oportunidades que teremos dentro do Programa de Est√°gio 2023.2?

Reporta a Sample Management Manager

N√≠vel de reporte Est√°gio

Escopo Geogr√°fico Brasil

VOC√ä SER√Å RESPONS√ÅVEL POR
Engajamento com as √°reas globais de pesquisa e desenvolvimento tecnol√≥gico
Participa√ß√£o ativa nos projetos de tecnologia e inova√ß√£o
Auxiliar em atividades relacionadas ao time de quimiometria, estat√≠stica e programa√ß√£o
Organizar arquivos e documentos relacionados √†s suas atividades, garantindo a pronta localiza√ß√£o das informa√ß√µes
Participar ativamente na execu√ß√£o de projetos de pesquisa e inova√ß√£o com foco em atividades relacionadas √† an√°lise dos resultados gerados em diferentes t√©cnicas anal√≠ticas
ESSA PODE SER A SUA OPORTUNIDADE?
Voc√™ est√° cursando Ensino Superior em Ci√™ncia de Dados, Engenharia da Computa√ß√£o, An√°lise e Desenvolvimento de Sistemas, Ci√™ncias da Computa√ß√£o, Sistemas de Informa√ß√£o, Qu√≠mica, Engenharia Qu√≠mica, Engenharia de Automa√ß√£o, Bioinform√°tica?
Vai se formar entre Agosto 2024 e Agosto 2025?
EXPERI√äNCIA, HABILIDADES E CONHECIMENTOS ESSENCIAIS
Cursando Ensino Superior em Ci√™ncia de Dados, Engenharia da Computa√ß√£o, An√°lise e Desenvolvimento de Sistemas, Ci√™ncias da Computa√ß√£o, Sistemas de Informa√ß√£o, Qu√≠mica, Engenharia Qu√≠mica, Engenharia de Automa√ß√£o, Bioinform√°tica
N√≠vel de conhecimento do Pacote Office Intermedi√°rio
N√≠vel de conhecimento de Ingl√™s Intermedi√°rio (Desej√°vel)
Experiencia com dados, an√°lises multivariadas e programa√ß√£o (Desej√°vel)
Disponibilidade para estagiar em regime de trabalho 100% presencial
Disponibilidade para estagiar 30 horas semanais
Data prevista de formatura entre Agosto 2024 e Agosto 2025
N√ìS SOMOS BAT

Estamos comprometidos com o nosso objetivo de construir Um Amanh√£ Melhor. √â isso que move as nossas pessoas. Veja quem √© a BAT
Top Employer Global
Presente em mais de 200 mercados, com 44 f√°bricas, em 42 pa√≠ses
L√≠der em diversidade no Financial Times e certificada pelo Global Equality Standard
Presente no √çndice de Sustentabilidade Dow Jones pelo 20¬∫ ano consecutivo ‚Äì e a √∫nica empresa de tabaco no √çndice Mundial
PERTENCER, ALCAN√áAR, JUNTOS

Colabora√ß√£o, diversidade e trabalho em equipe sustentam tudo o que fazemos aqui na BAT. Encorajamos diferentes pontos de vista e com isso entregamos resultados diferenciados com um alto padr√£o de excel√™ncia. Venha construir Um Amanh√£ Melhor com a gente!",,,,,,
"Sobre a vaga
A BAT √© uma empresa global, l√≠der em bens de consumo.

Estamos em 180 pa√≠ses e temos mais de 53 mil colaboradores ao redor do mundo. No Brasil, somos l√≠der no setor de tabaco h√° mais de um s√©culo e estamos evoluindo em ritmo acelerado - como nenhuma outra organiza√ß√£o. Somos CORAJOSOS, R√ÅPIDOS, EMPODERADOS, DIVERSOS E RESPONS√ÅVEIS. Esses s√£o os princ√≠pios que moldam nossa postura no dia a dia e s√£o a ess√™ncia da nossa cultura enquanto constru√≠mos o pr√≥ximo cap√≠tulo em nossa hist√≥ria.

Venha fazer parte dessa jornada!

BAT BRASIL, ANTIGA SOUZA CRUZ, EST√Å BUSCANDO POR PESSOA ESTAGI√ÅRIA DO N√çVEL SUPERIOR ‚Äì CI√äNCIA DE DADOS APLICADA √Ä QU√çMICA ANAL√çTICA

N√çVEL DE SENIORIDADE Est√°gio

FUN√á√ÉO Marketing SR&D

LOCALIZA√á√ÉO Cachoeirinha

PROGRAMA DE EST√ÅGIO 2023.2

Para desenvolver novos talentos e l√≠deres do amanh√£, na BAT Brasil, antiga Souza Cruz, contamos com um super Programa de Est√°gio! Nossos estagi√°rios e estagi√°rias aprendem na pr√°tica, lideram seus pr√≥prios projetos com a possibilidade de se conectar com pessoas de diferentes pa√≠ses, al√©m de contarem com uma plataforma de treinamento online para desenvolvimento pessoal e profissional. S√£o empoderados e empoderadas para transformar e gerar um impacto positivo.

J√° pensou em fazer a diferen√ßa em uma empresa global?

Sua chance pode estar mais perto do que nunca! Que tal deixar seu curr√≠culo conosco e concorrer a alguma das oportunidades que teremos dentro do Programa de Est√°gio 2023.2?

Reporta a Sample Management Manager

N√≠vel de reporte Est√°gio

Escopo Geogr√°fico Brasil

VOC√ä SER√Å RESPONS√ÅVEL POR
Engajamento com as √°reas globais de pesquisa e desenvolvimento tecnol√≥gico
Participa√ß√£o ativa nos projetos de tecnologia e inova√ß√£o
Auxiliar em atividades relacionadas ao time de quimiometria, estat√≠stica e programa√ß√£o
Organizar arquivos e documentos relacionados √†s suas atividades, garantindo a pronta localiza√ß√£o das informa√ß√µes
Participar ativamente na execu√ß√£o de projetos de pesquisa e inova√ß√£o com foco em atividades relacionadas √† an√°lise dos resultados gerados em diferentes t√©cnicas anal√≠ticas
ESSA PODE SER A SUA OPORTUNIDADE?
Voc√™ est√° cursando Ensino Superior em Ci√™ncia de Dados, Engenharia da Computa√ß√£o, An√°lise e Desenvolvimento de Sistemas, Ci√™ncias da Computa√ß√£o, Sistemas de Informa√ß√£o, Qu√≠mica, Engenharia Qu√≠mica, Engenharia de Automa√ß√£o, Bioinform√°tica?
Vai se formar entre Agosto 2024 e Agosto 2025?
EXPERI√äNCIA, HABILIDADES E CONHECIMENTOS ESSENCIAIS
Cursando Ensino Superior em Ci√™ncia de Dados, Engenharia da Computa√ß√£o, An√°lise e Desenvolvimento de Sistemas, Ci√™ncias da Computa√ß√£o, Sistemas de Informa√ß√£o, Qu√≠mica, Engenharia Qu√≠mica, Engenharia de Automa√ß√£o, Bioinform√°tica
N√≠vel de conhecimento do Pacote Office Intermedi√°rio
N√≠vel de conhecimento de Ingl√™s Intermedi√°rio (Desej√°vel)
Experiencia com dados, an√°lises multivariadas e programa√ß√£o (Desej√°vel)
Disponibilidade para estagiar em regime de trabalho 100% presencial
Disponibilidade para estagiar 30 horas semanais
Data prevista de formatura entre Agosto 2024 e Agosto 2025
N√ìS SOMOS BAT

Estamos comprometidos com o nosso objetivo de construir Um Amanh√£ Melhor. √â isso que move as nossas pessoas. Veja quem √© a BAT
Top Employer Global
Presente em mais de 200 mercados, com 44 f√°bricas, em 42 pa√≠ses
L√≠der em diversidade no Financial Times e certificada pelo Global Equality Standard
Presente no √çndice de Sustentabilidade Dow Jones pelo 20¬∫ ano consecutivo ‚Äì e a √∫nica empresa de tabaco no √çndice Mundial
PERTENCER, ALCAN√áAR, JUNTOS

Colabora√ß√£o, diversidade e trabalho em equipe sustentam tudo o que fazemos aqui na BAT. Encorajamos diferentes pontos de vista e com isso entregamos resultados diferenciados com um alto padr√£o de excel√™ncia. Venha construir Um Amanh√£ Melhor com a gente!",,,,,,
"Sobre a vaga
A BAT √© uma empresa global, l√≠der em bens de consumo.

Estamos em 180 pa√≠ses e temos mais de 53 mil colaboradores ao redor do mundo. No Brasil, somos l√≠der no setor de tabaco h√° mais de um s√©culo e estamos evoluindo em ritmo acelerado - como nenhuma outra organiza√ß√£o. Somos CORAJOSOS, R√ÅPIDOS, EMPODERADOS, DIVERSOS E RESPONS√ÅVEIS. Esses s√£o os princ√≠pios que moldam nossa postura no dia a dia e s√£o a ess√™ncia da nossa cultura enquanto constru√≠mos o pr√≥ximo cap√≠tulo em nossa hist√≥ria.

Venha fazer parte dessa jornada!

BAT BRASIL, ANTIGA SOUZA CRUZ, EST√Å BUSCANDO POR PESSOA ESTAGI√ÅRIA DO N√çVEL SUPERIOR ‚Äì CI√äNCIA DE DADOS APLICADA √Ä QU√çMICA ANAL√çTICA

N√çVEL DE SENIORIDADE Est√°gio

FUN√á√ÉO Marketing SR&D

LOCALIZA√á√ÉO Cachoeirinha

PROGRAMA DE EST√ÅGIO 2023.2

Para desenvolver novos talentos e l√≠deres do amanh√£, na BAT Brasil, antiga Souza Cruz, contamos com um super Programa de Est√°gio! Nossos estagi√°rios e estagi√°rias aprendem na pr√°tica, lideram seus pr√≥prios projetos com a possibilidade de se conectar com pessoas de diferentes pa√≠ses, al√©m de contarem com uma plataforma de treinamento online para desenvolvimento pessoal e profissional. S√£o empoderados e empoderadas para transformar e gerar um impacto positivo.

J√° pensou em fazer a diferen√ßa em uma empresa global?

Sua chance pode estar mais perto do que nunca! Que tal deixar seu curr√≠culo conosco e concorrer a alguma das oportunidades que teremos dentro do Programa de Est√°gio 2023.2?

Reporta a Sample Management Manager

N√≠vel de reporte Est√°gio

Escopo Geogr√°fico Brasil

VOC√ä SER√Å RESPONS√ÅVEL POR
Engajamento com as √°reas globais de pesquisa e desenvolvimento tecnol√≥gico
Participa√ß√£o ativa nos projetos de tecnologia e inova√ß√£o
Auxiliar em atividades relacionadas ao time de quimiometria, estat√≠stica e programa√ß√£o
Organizar arquivos e documentos relacionados √†s suas atividades, garantindo a pronta localiza√ß√£o das informa√ß√µes
Participar ativamente na execu√ß√£o de projetos de pesquisa e inova√ß√£o com foco em atividades relacionadas √† an√°lise dos resultados gerados em diferentes t√©cnicas anal√≠ticas
ESSA PODE SER A SUA OPORTUNIDADE?
Voc√™ est√° cursando Ensino Superior em Ci√™ncia de Dados, Engenharia da Computa√ß√£o, An√°lise e Desenvolvimento de Sistemas, Ci√™ncias da Computa√ß√£o, Sistemas de Informa√ß√£o, Qu√≠mica, Engenharia Qu√≠mica, Engenharia de Automa√ß√£o, Bioinform√°tica?
Vai se formar entre Agosto 2024 e Agosto 2025?
EXPERI√äNCIA, HABILIDADES E CONHECIMENTOS ESSENCIAIS
Cursando Ensino Superior em Ci√™ncia de Dados, Engenharia da Computa√ß√£o, An√°lise e Desenvolvimento de Sistemas, Ci√™ncias da Computa√ß√£o, Sistemas de Informa√ß√£o, Qu√≠mica, Engenharia Qu√≠mica, Engenharia de Automa√ß√£o, Bioinform√°tica
N√≠vel de conhecimento do Pacote Office Intermedi√°rio
N√≠vel de conhecimento de Ingl√™s Intermedi√°rio (Desej√°vel)
Experiencia com dados, an√°lises multivariadas e programa√ß√£o (Desej√°vel)
Disponibilidade para estagiar em regime de trabalho 100% presencial
Disponibilidade para estagiar 30 horas semanais
Data prevista de formatura entre Agosto 2024 e Agosto 2025
N√ìS SOMOS BAT

Estamos comprometidos com o nosso objetivo de construir Um Amanh√£ Melhor. √â isso que move as nossas pessoas. Veja quem √© a BAT
Top Employer Global
Presente em mais de 200 mercados, com 44 f√°bricas, em 42 pa√≠ses
L√≠der em diversidade no Financial Times e certificada pelo Global Equality Standard
Presente no √çndice de Sustentabilidade Dow Jones pelo 20¬∫ ano consecutivo ‚Äì e a √∫nica empresa de tabaco no √çndice Mundial
PERTENCER, ALCAN√áAR, JUNTOS

Colabora√ß√£o, diversidade e trabalho em equipe sustentam tudo o que fazemos aqui na BAT. Encorajamos diferentes pontos de vista e com isso entregamos resultados diferenciados com um alto padr√£o de excel√™ncia. Venha construir Um Amanh√£ Melhor com a gente!",,,,,,
"Sobre a vaga
A BAT √© uma empresa global, l√≠der em bens de consumo.

Estamos em 180 pa√≠ses e temos mais de 53 mil colaboradores ao redor do mundo. No Brasil, somos l√≠der no setor de tabaco h√° mais de um s√©culo e estamos evoluindo em ritmo acelerado - como nenhuma outra organiza√ß√£o. Somos CORAJOSOS, R√ÅPIDOS, EMPODERADOS, DIVERSOS E RESPONS√ÅVEIS. Esses s√£o os princ√≠pios que moldam nossa postura no dia a dia e s√£o a ess√™ncia da nossa cultura enquanto constru√≠mos o pr√≥ximo cap√≠tulo em nossa hist√≥ria.

Venha fazer parte dessa jornada!

BAT BRASIL, ANTIGA SOUZA CRUZ, EST√Å BUSCANDO POR PESSOA ESTAGI√ÅRIA DO N√çVEL SUPERIOR ‚Äì CI√äNCIA DE DADOS APLICADA √Ä QU√çMICA ANAL√çTICA

N√çVEL DE SENIORIDADE Est√°gio

FUN√á√ÉO Marketing SR&D

LOCALIZA√á√ÉO Cachoeirinha

PROGRAMA DE EST√ÅGIO 2023.2

Para desenvolver novos talentos e l√≠deres do amanh√£, na BAT Brasil, antiga Souza Cruz, contamos com um super Programa de Est√°gio! Nossos estagi√°rios e estagi√°rias aprendem na pr√°tica, lideram seus pr√≥prios projetos com a possibilidade de se conectar com pessoas de diferentes pa√≠ses, al√©m de contarem com uma plataforma de treinamento online para desenvolvimento pessoal e profissional. S√£o empoderados e empoderadas para transformar e gerar um impacto positivo.

J√° pensou em fazer a diferen√ßa em uma empresa global?

Sua chance pode estar mais perto do que nunca! Que tal deixar seu curr√≠culo conosco e concorrer a alguma das oportunidades que teremos dentro do Programa de Est√°gio 2023.2?

Reporta a Sample Management Manager

N√≠vel de reporte Est√°gio

Escopo Geogr√°fico Brasil

VOC√ä SER√Å RESPONS√ÅVEL POR
Engajamento com as √°reas globais de pesquisa e desenvolvimento tecnol√≥gico
Participa√ß√£o ativa nos projetos de tecnologia e inova√ß√£o
Auxiliar em atividades relacionadas ao time de quimiometria, estat√≠stica e programa√ß√£o
Organizar arquivos e documentos relacionados √†s suas atividades, garantindo a pronta localiza√ß√£o das informa√ß√µes
Participar ativamente na execu√ß√£o de projetos de pesquisa e inova√ß√£o com foco em atividades relacionadas √† an√°lise dos resultados gerados em diferentes t√©cnicas anal√≠ticas
ESSA PODE SER A SUA OPORTUNIDADE?
Voc√™ est√° cursando Ensino Superior em Ci√™ncia de Dados, Engenharia da Computa√ß√£o, An√°lise e Desenvolvimento de Sistemas, Ci√™ncias da Computa√ß√£o, Sistemas de Informa√ß√£o, Qu√≠mica, Engenharia Qu√≠mica, Engenharia de Automa√ß√£o, Bioinform√°tica?
Vai se formar entre Agosto 2024 e Agosto 2025?
EXPERI√äNCIA, HABILIDADES E CONHECIMENTOS ESSENCIAIS
Cursando Ensino Superior em Ci√™ncia de Dados, Engenharia da Computa√ß√£o, An√°lise e Desenvolvimento de Sistemas, Ci√™ncias da Computa√ß√£o, Sistemas de Informa√ß√£o, Qu√≠mica, Engenharia Qu√≠mica, Engenharia de Automa√ß√£o, Bioinform√°tica
N√≠vel de conhecimento do Pacote Office Intermedi√°rio
N√≠vel de conhecimento de Ingl√™s Intermedi√°rio (Desej√°vel)
Experiencia com dados, an√°lises multivariadas e programa√ß√£o (Desej√°vel)
Disponibilidade para estagiar em regime de trabalho 100% presencial
Disponibilidade para estagiar 30 horas semanais
Data prevista de formatura entre Agosto 2024 e Agosto 2025
N√ìS SOMOS BAT

Estamos comprometidos com o nosso objetivo de construir Um Amanh√£ Melhor. √â isso que move as nossas pessoas. Veja quem √© a BAT
Top Employer Global
Presente em mais de 200 mercados, com 44 f√°bricas, em 42 pa√≠ses
L√≠der em diversidade no Financial Times e certificada pelo Global Equality Standard
Presente no √çndice de Sustentabilidade Dow Jones pelo 20¬∫ ano consecutivo ‚Äì e a √∫nica empresa de tabaco no √çndice Mundial
PERTENCER, ALCAN√áAR, JUNTOS

Colabora√ß√£o, diversidade e trabalho em equipe sustentam tudo o que fazemos aqui na BAT. Encorajamos diferentes pontos de vista e com isso entregamos resultados diferenciados com um alto padr√£o de excel√™ncia. Venha construir Um Amanh√£ Melhor com a gente!",,,,,,
"Sobre a vaga
A BAT √© uma empresa global, l√≠der em bens de consumo.

Estamos em 180 pa√≠ses e temos mais de 53 mil colaboradores ao redor do mundo. No Brasil, somos l√≠der no setor de tabaco h√° mais de um s√©culo e estamos evoluindo em ritmo acelerado - como nenhuma outra organiza√ß√£o. Somos CORAJOSOS, R√ÅPIDOS, EMPODERADOS, DIVERSOS E RESPONS√ÅVEIS. Esses s√£o os princ√≠pios que moldam nossa postura no dia a dia e s√£o a ess√™ncia da nossa cultura enquanto constru√≠mos o pr√≥ximo cap√≠tulo em nossa hist√≥ria.

Venha fazer parte dessa jornada!

BAT BRASIL, ANTIGA SOUZA CRUZ, EST√Å BUSCANDO POR PESSOA ESTAGI√ÅRIA DO N√çVEL SUPERIOR ‚Äì CI√äNCIA DE DADOS APLICADA √Ä QU√çMICA ANAL√çTICA

N√çVEL DE SENIORIDADE Est√°gio

FUN√á√ÉO Marketing SR&D

LOCALIZA√á√ÉO Cachoeirinha

PROGRAMA DE EST√ÅGIO 2023.2

Para desenvolver novos talentos e l√≠deres do amanh√£, na BAT Brasil, antiga Souza Cruz, contamos com um super Programa de Est√°gio! Nossos estagi√°rios e estagi√°rias aprendem na pr√°tica, lideram seus pr√≥prios projetos com a possibilidade de se conectar com pessoas de diferentes pa√≠ses, al√©m de contarem com uma plataforma de treinamento online para desenvolvimento pessoal e profissional. S√£o empoderados e empoderadas para transformar e gerar um impacto positivo.

J√° pensou em fazer a diferen√ßa em uma empresa global?

Sua chance pode estar mais perto do que nunca! Que tal deixar seu curr√≠culo conosco e concorrer a alguma das oportunidades que teremos dentro do Programa de Est√°gio 2023.2?

Reporta a Sample Management Manager

N√≠vel de reporte Est√°gio

Escopo Geogr√°fico Brasil

VOC√ä SER√Å RESPONS√ÅVEL POR
Engajamento com as √°reas globais de pesquisa e desenvolvimento tecnol√≥gico
Participa√ß√£o ativa nos projetos de tecnologia e inova√ß√£o
Auxiliar em atividades relacionadas ao time de quimiometria, estat√≠stica e programa√ß√£o
Organizar arquivos e documentos relacionados √†s suas atividades, garantindo a pronta localiza√ß√£o das informa√ß√µes
Participar ativamente na execu√ß√£o de projetos de pesquisa e inova√ß√£o com foco em atividades relacionadas √† an√°lise dos resultados gerados em diferentes t√©cnicas anal√≠ticas
ESSA PODE SER A SUA OPORTUNIDADE?
Voc√™ est√° cursando Ensino Superior em Ci√™ncia de Dados, Engenharia da Computa√ß√£o, An√°lise e Desenvolvimento de Sistemas, Ci√™ncias da Computa√ß√£o, Sistemas de Informa√ß√£o, Qu√≠mica, Engenharia Qu√≠mica, Engenharia de Automa√ß√£o, Bioinform√°tica?
Vai se formar entre Agosto 2024 e Agosto 2025?
EXPERI√äNCIA, HABILIDADES E CONHECIMENTOS ESSENCIAIS
Cursando Ensino Superior em Ci√™ncia de Dados, Engenharia da Computa√ß√£o, An√°lise e Desenvolvimento de Sistemas, Ci√™ncias da Computa√ß√£o, Sistemas de Informa√ß√£o, Qu√≠mica, Engenharia Qu√≠mica, Engenharia de Automa√ß√£o, Bioinform√°tica
N√≠vel de conhecimento do Pacote Office Intermedi√°rio
N√≠vel de conhecimento de Ingl√™s Intermedi√°rio (Desej√°vel)
Experiencia com dados, an√°lises multivariadas e programa√ß√£o (Desej√°vel)
Disponibilidade para estagiar em regime de trabalho 100% presencial
Disponibilidade para estagiar 30 horas semanais
Data prevista de formatura entre Agosto 2024 e Agosto 2025
N√ìS SOMOS BAT

Estamos comprometidos com o nosso objetivo de construir Um Amanh√£ Melhor. √â isso que move as nossas pessoas. Veja quem √© a BAT
Top Employer Global
Presente em mais de 200 mercados, com 44 f√°bricas, em 42 pa√≠ses
L√≠der em diversidade no Financial Times e certificada pelo Global Equality Standard
Presente no √çndice de Sustentabilidade Dow Jones pelo 20¬∫ ano consecutivo ‚Äì e a √∫nica empresa de tabaco no √çndice Mundial
PERTENCER, ALCAN√áAR, JUNTOS

Colabora√ß√£o, diversidade e trabalho em equipe sustentam tudo o que fazemos aqui na BAT. Encorajamos diferentes pontos de vista e com isso entregamos resultados diferenciados com um alto padr√£o de excel√™ncia. Venha construir Um Amanh√£ Melhor com a gente!",,,,,,
"Sobre a vaga
A BAT √© uma empresa global, l√≠der em bens de consumo.

Estamos em 180 pa√≠ses e temos mais de 53 mil colaboradores ao redor do mundo. No Brasil, somos l√≠der no setor de tabaco h√° mais de um s√©culo e estamos evoluindo em ritmo acelerado - como nenhuma outra organiza√ß√£o. Somos CORAJOSOS, R√ÅPIDOS, EMPODERADOS, DIVERSOS E RESPONS√ÅVEIS. Esses s√£o os princ√≠pios que moldam nossa postura no dia a dia e s√£o a ess√™ncia da nossa cultura enquanto constru√≠mos o pr√≥ximo cap√≠tulo em nossa hist√≥ria.

Venha fazer parte dessa jornada!

BAT BRASIL, ANTIGA SOUZA CRUZ, EST√Å BUSCANDO POR PESSOA ESTAGI√ÅRIA DO N√çVEL SUPERIOR ‚Äì CI√äNCIA DE DADOS APLICADA √Ä QU√çMICA ANAL√çTICA

N√çVEL DE SENIORIDADE Est√°gio

FUN√á√ÉO Marketing SR&D

LOCALIZA√á√ÉO Cachoeirinha

PROGRAMA DE EST√ÅGIO 2023.2

Para desenvolver novos talentos e l√≠deres do amanh√£, na BAT Brasil, antiga Souza Cruz, contamos com um super Programa de Est√°gio! Nossos estagi√°rios e estagi√°rias aprendem na pr√°tica, lideram seus pr√≥prios projetos com a possibilidade de se conectar com pessoas de diferentes pa√≠ses, al√©m de contarem com uma plataforma de treinamento online para desenvolvimento pessoal e profissional. S√£o empoderados e empoderadas para transformar e gerar um impacto positivo.

J√° pensou em fazer a diferen√ßa em uma empresa global?

Sua chance pode estar mais perto do que nunca! Que tal deixar seu curr√≠culo conosco e concorrer a alguma das oportunidades que teremos dentro do Programa de Est√°gio 2023.2?

Reporta a Sample Management Manager

N√≠vel de reporte Est√°gio

Escopo Geogr√°fico Brasil

VOC√ä SER√Å RESPONS√ÅVEL POR
Engajamento com as √°reas globais de pesquisa e desenvolvimento tecnol√≥gico
Participa√ß√£o ativa nos projetos de tecnologia e inova√ß√£o
Auxiliar em atividades relacionadas ao time de quimiometria, estat√≠stica e programa√ß√£o
Organizar arquivos e documentos relacionados √†s suas atividades, garantindo a pronta localiza√ß√£o das informa√ß√µes
Participar ativamente na execu√ß√£o de projetos de pesquisa e inova√ß√£o com foco em atividades relacionadas √† an√°lise dos resultados gerados em diferentes t√©cnicas anal√≠ticas
ESSA PODE SER A SUA OPORTUNIDADE?
Voc√™ est√° cursando Ensino Superior em Ci√™ncia de Dados, Engenharia da Computa√ß√£o, An√°lise e Desenvolvimento de Sistemas, Ci√™ncias da Computa√ß√£o, Sistemas de Informa√ß√£o, Qu√≠mica, Engenharia Qu√≠mica, Engenharia de Automa√ß√£o, Bioinform√°tica?
Vai se formar entre Agosto 2024 e Agosto 2025?
EXPERI√äNCIA, HABILIDADES E CONHECIMENTOS ESSENCIAIS
Cursando Ensino Superior em Ci√™ncia de Dados, Engenharia da Computa√ß√£o, An√°lise e Desenvolvimento de Sistemas, Ci√™ncias da Computa√ß√£o, Sistemas de Informa√ß√£o, Qu√≠mica, Engenharia Qu√≠mica, Engenharia de Automa√ß√£o, Bioinform√°tica
N√≠vel de conhecimento do Pacote Office Intermedi√°rio
N√≠vel de conhecimento de Ingl√™s Intermedi√°rio (Desej√°vel)
Experiencia com dados, an√°lises multivariadas e programa√ß√£o (Desej√°vel)
Disponibilidade para estagiar em regime de trabalho 100% presencial
Disponibilidade para estagiar 30 horas semanais
Data prevista de formatura entre Agosto 2024 e Agosto 2025
N√ìS SOMOS BAT

Estamos comprometidos com o nosso objetivo de construir Um Amanh√£ Melhor. √â isso que move as nossas pessoas. Veja quem √© a BAT
Top Employer Global
Presente em mais de 200 mercados, com 44 f√°bricas, em 42 pa√≠ses
L√≠der em diversidade no Financial Times e certificada pelo Global Equality Standard
Presente no √çndice de Sustentabilidade Dow Jones pelo 20¬∫ ano consecutivo ‚Äì e a √∫nica empresa de tabaco no √çndice Mundial
PERTENCER, ALCAN√áAR, JUNTOS

Colabora√ß√£o, diversidade e trabalho em equipe sustentam tudo o que fazemos aqui na BAT. Encorajamos diferentes pontos de vista e com isso entregamos resultados diferenciados com um alto padr√£o de excel√™ncia. Venha construir Um Amanh√£ Melhor com a gente!",,,,,,
"Sobre a vaga
A BAT √© uma empresa global, l√≠der em bens de consumo.

Estamos em 180 pa√≠ses e temos mais de 53 mil colaboradores ao redor do mundo. No Brasil, somos l√≠der no setor de tabaco h√° mais de um s√©culo e estamos evoluindo em ritmo acelerado - como nenhuma outra organiza√ß√£o. Somos CORAJOSOS, R√ÅPIDOS, EMPODERADOS, DIVERSOS E RESPONS√ÅVEIS. Esses s√£o os princ√≠pios que moldam nossa postura no dia a dia e s√£o a ess√™ncia da nossa cultura enquanto constru√≠mos o pr√≥ximo cap√≠tulo em nossa hist√≥ria.

Venha fazer parte dessa jornada!

BAT BRASIL, ANTIGA SOUZA CRUZ, EST√Å BUSCANDO POR PESSOA ESTAGI√ÅRIA DO N√çVEL SUPERIOR ‚Äì CI√äNCIA DE DADOS APLICADA √Ä QU√çMICA ANAL√çTICA

N√çVEL DE SENIORIDADE Est√°gio

FUN√á√ÉO Marketing SR&D

LOCALIZA√á√ÉO Cachoeirinha

PROGRAMA DE EST√ÅGIO 2023.2

Para desenvolver novos talentos e l√≠deres do amanh√£, na BAT Brasil, antiga Souza Cruz, contamos com um super Programa de Est√°gio! Nossos estagi√°rios e estagi√°rias aprendem na pr√°tica, lideram seus pr√≥prios projetos com a possibilidade de se conectar com pessoas de diferentes pa√≠ses, al√©m de contarem com uma plataforma de treinamento online para desenvolvimento pessoal e profissional. S√£o empoderados e empoderadas para transformar e gerar um impacto positivo.

J√° pensou em fazer a diferen√ßa em uma empresa global?

Sua chance pode estar mais perto do que nunca! Que tal deixar seu curr√≠culo conosco e concorrer a alguma das oportunidades que teremos dentro do Programa de Est√°gio 2023.2?

Reporta a Sample Management Manager

N√≠vel de reporte Est√°gio

Escopo Geogr√°fico Brasil

VOC√ä SER√Å RESPONS√ÅVEL POR
Engajamento com as √°reas globais de pesquisa e desenvolvimento tecnol√≥gico
Participa√ß√£o ativa nos projetos de tecnologia e inova√ß√£o
Auxiliar em atividades relacionadas ao time de quimiometria, estat√≠stica e programa√ß√£o
Organizar arquivos e documentos relacionados √†s suas atividades, garantindo a pronta localiza√ß√£o das informa√ß√µes
Participar ativamente na execu√ß√£o de projetos de pesquisa e inova√ß√£o com foco em atividades relacionadas √† an√°lise dos resultados gerados em diferentes t√©cnicas anal√≠ticas
ESSA PODE SER A SUA OPORTUNIDADE?
Voc√™ est√° cursando Ensino Superior em Ci√™ncia de Dados, Engenharia da Computa√ß√£o, An√°lise e Desenvolvimento de Sistemas, Ci√™ncias da Computa√ß√£o, Sistemas de Informa√ß√£o, Qu√≠mica, Engenharia Qu√≠mica, Engenharia de Automa√ß√£o, Bioinform√°tica?
Vai se formar entre Agosto 2024 e Agosto 2025?
EXPERI√äNCIA, HABILIDADES E CONHECIMENTOS ESSENCIAIS
Cursando Ensino Superior em Ci√™ncia de Dados, Engenharia da Computa√ß√£o, An√°lise e Desenvolvimento de Sistemas, Ci√™ncias da Computa√ß√£o, Sistemas de Informa√ß√£o, Qu√≠mica, Engenharia Qu√≠mica, Engenharia de Automa√ß√£o, Bioinform√°tica
N√≠vel de conhecimento do Pacote Office Intermedi√°rio
N√≠vel de conhecimento de Ingl√™s Intermedi√°rio (Desej√°vel)
Experiencia com dados, an√°lises multivariadas e programa√ß√£o (Desej√°vel)
Disponibilidade para estagiar em regime de trabalho 100% presencial
Disponibilidade para estagiar 30 horas semanais
Data prevista de formatura entre Agosto 2024 e Agosto 2025
N√ìS SOMOS BAT

Estamos comprometidos com o nosso objetivo de construir Um Amanh√£ Melhor. √â isso que move as nossas pessoas. Veja quem √© a BAT
Top Employer Global
Presente em mais de 200 mercados, com 44 f√°bricas, em 42 pa√≠ses
L√≠der em diversidade no Financial Times e certificada pelo Global Equality Standard
Presente no √çndice de Sustentabilidade Dow Jones pelo 20¬∫ ano consecutivo ‚Äì e a √∫nica empresa de tabaco no √çndice Mundial
PERTENCER, ALCAN√áAR, JUNTOS

Colabora√ß√£o, diversidade e trabalho em equipe sustentam tudo o que fazemos aqui na BAT. Encorajamos diferentes pontos de vista e com isso entregamos resultados diferenciados com um alto padr√£o de excel√™ncia. Venha construir Um Amanh√£ Melhor com a gente!",,,,,,
"Sobre a vaga
A BAT √© uma empresa global, l√≠der em bens de consumo.

Estamos em 180 pa√≠ses e temos mais de 53 mil colaboradores ao redor do mundo. No Brasil, somos l√≠der no setor de tabaco h√° mais de um s√©culo e estamos evoluindo em ritmo acelerado - como nenhuma outra organiza√ß√£o. Somos CORAJOSOS, R√ÅPIDOS, EMPODERADOS, DIVERSOS E RESPONS√ÅVEIS. Esses s√£o os princ√≠pios que moldam nossa postura no dia a dia e s√£o a ess√™ncia da nossa cultura enquanto constru√≠mos o pr√≥ximo cap√≠tulo em nossa hist√≥ria.

Venha fazer parte dessa jornada!

BAT BRASIL, ANTIGA SOUZA CRUZ, EST√Å BUSCANDO POR PESSOA ESTAGI√ÅRIA DO N√çVEL SUPERIOR ‚Äì CI√äNCIA DE DADOS APLICADA √Ä QU√çMICA ANAL√çTICA

N√çVEL DE SENIORIDADE Est√°gio

FUN√á√ÉO Marketing SR&D

LOCALIZA√á√ÉO Cachoeirinha

PROGRAMA DE EST√ÅGIO 2023.2

Para desenvolver novos talentos e l√≠deres do amanh√£, na BAT Brasil, antiga Souza Cruz, contamos com um super Programa de Est√°gio! Nossos estagi√°rios e estagi√°rias aprendem na pr√°tica, lideram seus pr√≥prios projetos com a possibilidade de se conectar com pessoas de diferentes pa√≠ses, al√©m de contarem com uma plataforma de treinamento online para desenvolvimento pessoal e profissional. S√£o empoderados e empoderadas para transformar e gerar um impacto positivo.

J√° pensou em fazer a diferen√ßa em uma empresa global?

Sua chance pode estar mais perto do que nunca! Que tal deixar seu curr√≠culo conosco e concorrer a alguma das oportunidades que teremos dentro do Programa de Est√°gio 2023.2?

Reporta a Sample Management Manager

N√≠vel de reporte Est√°gio

Escopo Geogr√°fico Brasil

VOC√ä SER√Å RESPONS√ÅVEL POR
Engajamento com as √°reas globais de pesquisa e desenvolvimento tecnol√≥gico
Participa√ß√£o ativa nos projetos de tecnologia e inova√ß√£o
Auxiliar em atividades relacionadas ao time de quimiometria, estat√≠stica e programa√ß√£o
Organizar arquivos e documentos relacionados √†s suas atividades, garantindo a pronta localiza√ß√£o das informa√ß√µes
Participar ativamente na execu√ß√£o de projetos de pesquisa e inova√ß√£o com foco em atividades relacionadas √† an√°lise dos resultados gerados em diferentes t√©cnicas anal√≠ticas
ESSA PODE SER A SUA OPORTUNIDADE?
Voc√™ est√° cursando Ensino Superior em Ci√™ncia de Dados, Engenharia da Computa√ß√£o, An√°lise e Desenvolvimento de Sistemas, Ci√™ncias da Computa√ß√£o, Sistemas de Informa√ß√£o, Qu√≠mica, Engenharia Qu√≠mica, Engenharia de Automa√ß√£o, Bioinform√°tica?
Vai se formar entre Agosto 2024 e Agosto 2025?
EXPERI√äNCIA, HABILIDADES E CONHECIMENTOS ESSENCIAIS
Cursando Ensino Superior em Ci√™ncia de Dados, Engenharia da Computa√ß√£o, An√°lise e Desenvolvimento de Sistemas, Ci√™ncias da Computa√ß√£o, Sistemas de Informa√ß√£o, Qu√≠mica, Engenharia Qu√≠mica, Engenharia de Automa√ß√£o, Bioinform√°tica
N√≠vel de conhecimento do Pacote Office Intermedi√°rio
N√≠vel de conhecimento de Ingl√™s Intermedi√°rio (Desej√°vel)
Experiencia com dados, an√°lises multivariadas e programa√ß√£o (Desej√°vel)
Disponibilidade para estagiar em regime de trabalho 100% presencial
Disponibilidade para estagiar 30 horas semanais
Data prevista de formatura entre Agosto 2024 e Agosto 2025
N√ìS SOMOS BAT

Estamos comprometidos com o nosso objetivo de construir Um Amanh√£ Melhor. √â isso que move as nossas pessoas. Veja quem √© a BAT
Top Employer Global
Presente em mais de 200 mercados, com 44 f√°bricas, em 42 pa√≠ses
L√≠der em diversidade no Financial Times e certificada pelo Global Equality Standard
Presente no √çndice de Sustentabilidade Dow Jones pelo 20¬∫ ano consecutivo ‚Äì e a √∫nica empresa de tabaco no √çndice Mundial
PERTENCER, ALCAN√áAR, JUNTOS

Colabora√ß√£o, diversidade e trabalho em equipe sustentam tudo o que fazemos aqui na BAT. Encorajamos diferentes pontos de vista e com isso entregamos resultados diferenciados com um alto padr√£o de excel√™ncia. Venha construir Um Amanh√£ Melhor com a gente!",,,,,,
"Sobre a vaga
A BAT √© uma empresa global, l√≠der em bens de consumo.

Estamos em 180 pa√≠ses e temos mais de 53 mil colaboradores ao redor do mundo. No Brasil, somos l√≠der no setor de tabaco h√° mais de um s√©culo e estamos evoluindo em ritmo acelerado - como nenhuma outra organiza√ß√£o. Somos CORAJOSOS, R√ÅPIDOS, EMPODERADOS, DIVERSOS E RESPONS√ÅVEIS. Esses s√£o os princ√≠pios que moldam nossa postura no dia a dia e s√£o a ess√™ncia da nossa cultura enquanto constru√≠mos o pr√≥ximo cap√≠tulo em nossa hist√≥ria.

Venha fazer parte dessa jornada!

BAT BRASIL, ANTIGA SOUZA CRUZ, EST√Å BUSCANDO POR PESSOA ESTAGI√ÅRIA DO N√çVEL SUPERIOR ‚Äì CI√äNCIA DE DADOS APLICADA √Ä QU√çMICA ANAL√çTICA

N√çVEL DE SENIORIDADE Est√°gio

FUN√á√ÉO Marketing SR&D

LOCALIZA√á√ÉO Cachoeirinha

PROGRAMA DE EST√ÅGIO 2023.2

Para desenvolver novos talentos e l√≠deres do amanh√£, na BAT Brasil, antiga Souza Cruz, contamos com um super Programa de Est√°gio! Nossos estagi√°rios e estagi√°rias aprendem na pr√°tica, lideram seus pr√≥prios projetos com a possibilidade de se conectar com pessoas de diferentes pa√≠ses, al√©m de contarem com uma plataforma de treinamento online para desenvolvimento pessoal e profissional. S√£o empoderados e empoderadas para transformar e gerar um impacto positivo.

J√° pensou em fazer a diferen√ßa em uma empresa global?

Sua chance pode estar mais perto do que nunca! Que tal deixar seu curr√≠culo conosco e concorrer a alguma das oportunidades que teremos dentro do Programa de Est√°gio 2023.2?

Reporta a Sample Management Manager

N√≠vel de reporte Est√°gio

Escopo Geogr√°fico Brasil

VOC√ä SER√Å RESPONS√ÅVEL POR
Engajamento com as √°reas globais de pesquisa e desenvolvimento tecnol√≥gico
Participa√ß√£o ativa nos projetos de tecnologia e inova√ß√£o
Auxiliar em atividades relacionadas ao time de quimiometria, estat√≠stica e programa√ß√£o
Organizar arquivos e documentos relacionados √†s suas atividades, garantindo a pronta localiza√ß√£o das informa√ß√µes
Participar ativamente na execu√ß√£o de projetos de pesquisa e inova√ß√£o com foco em atividades relacionadas √† an√°lise dos resultados gerados em diferentes t√©cnicas anal√≠ticas
ESSA PODE SER A SUA OPORTUNIDADE?
Voc√™ est√° cursando Ensino Superior em Ci√™ncia de Dados, Engenharia da Computa√ß√£o, An√°lise e Desenvolvimento de Sistemas, Ci√™ncias da Computa√ß√£o, Sistemas de Informa√ß√£o, Qu√≠mica, Engenharia Qu√≠mica, Engenharia de Automa√ß√£o, Bioinform√°tica?
Vai se formar entre Agosto 2024 e Agosto 2025?
EXPERI√äNCIA, HABILIDADES E CONHECIMENTOS ESSENCIAIS
Cursando Ensino Superior em Ci√™ncia de Dados, Engenharia da Computa√ß√£o, An√°lise e Desenvolvimento de Sistemas, Ci√™ncias da Computa√ß√£o, Sistemas de Informa√ß√£o, Qu√≠mica, Engenharia Qu√≠mica, Engenharia de Automa√ß√£o, Bioinform√°tica
N√≠vel de conhecimento do Pacote Office Intermedi√°rio
N√≠vel de conhecimento de Ingl√™s Intermedi√°rio (Desej√°vel)
Experiencia com dados, an√°lises multivariadas e programa√ß√£o (Desej√°vel)
Disponibilidade para estagiar em regime de trabalho 100% presencial
Disponibilidade para estagiar 30 horas semanais
Data prevista de formatura entre Agosto 2024 e Agosto 2025
N√ìS SOMOS BAT

Estamos comprometidos com o nosso objetivo de construir Um Amanh√£ Melhor. √â isso que move as nossas pessoas. Veja quem √© a BAT
Top Employer Global
Presente em mais de 200 mercados, com 44 f√°bricas, em 42 pa√≠ses
L√≠der em diversidade no Financial Times e certificada pelo Global Equality Standard
Presente no √çndice de Sustentabilidade Dow Jones pelo 20¬∫ ano consecutivo ‚Äì e a √∫nica empresa de tabaco no √çndice Mundial
PERTENCER, ALCAN√áAR, JUNTOS

Colabora√ß√£o, diversidade e trabalho em equipe sustentam tudo o que fazemos aqui na BAT. Encorajamos diferentes pontos de vista e com isso entregamos resultados diferenciados com um alto padr√£o de excel√™ncia. Venha construir Um Amanh√£ Melhor com a gente!",,,,,,
"Sobre a vaga
A BAT √© uma empresa global, l√≠der em bens de consumo.

Estamos em 180 pa√≠ses e temos mais de 53 mil colaboradores ao redor do mundo. No Brasil, somos l√≠der no setor de tabaco h√° mais de um s√©culo e estamos evoluindo em ritmo acelerado - como nenhuma outra organiza√ß√£o. Somos CORAJOSOS, R√ÅPIDOS, EMPODERADOS, DIVERSOS E RESPONS√ÅVEIS. Esses s√£o os princ√≠pios que moldam nossa postura no dia a dia e s√£o a ess√™ncia da nossa cultura enquanto constru√≠mos o pr√≥ximo cap√≠tulo em nossa hist√≥ria.

Venha fazer parte dessa jornada!

BAT BRASIL, ANTIGA SOUZA CRUZ, EST√Å BUSCANDO POR PESSOA ESTAGI√ÅRIA DO N√çVEL SUPERIOR ‚Äì CI√äNCIA DE DADOS APLICADA √Ä QU√çMICA ANAL√çTICA

N√çVEL DE SENIORIDADE Est√°gio

FUN√á√ÉO Marketing SR&D

LOCALIZA√á√ÉO Cachoeirinha

PROGRAMA DE EST√ÅGIO 2023.2

Para desenvolver novos talentos e l√≠deres do amanh√£, na BAT Brasil, antiga Souza Cruz, contamos com um super Programa de Est√°gio! Nossos estagi√°rios e estagi√°rias aprendem na pr√°tica, lideram seus pr√≥prios projetos com a possibilidade de se conectar com pessoas de diferentes pa√≠ses, al√©m de contarem com uma plataforma de treinamento online para desenvolvimento pessoal e profissional. S√£o empoderados e empoderadas para transformar e gerar um impacto positivo.

J√° pensou em fazer a diferen√ßa em uma empresa global?

Sua chance pode estar mais perto do que nunca! Que tal deixar seu curr√≠culo conosco e concorrer a alguma das oportunidades que teremos dentro do Programa de Est√°gio 2023.2?

Reporta a Sample Management Manager

N√≠vel de reporte Est√°gio

Escopo Geogr√°fico Brasil

VOC√ä SER√Å RESPONS√ÅVEL POR
Engajamento com as √°reas globais de pesquisa e desenvolvimento tecnol√≥gico
Participa√ß√£o ativa nos projetos de tecnologia e inova√ß√£o
Auxiliar em atividades relacionadas ao time de quimiometria, estat√≠stica e programa√ß√£o
Organizar arquivos e documentos relacionados √†s suas atividades, garantindo a pronta localiza√ß√£o das informa√ß√µes
Participar ativamente na execu√ß√£o de projetos de pesquisa e inova√ß√£o com foco em atividades relacionadas √† an√°lise dos resultados gerados em diferentes t√©cnicas anal√≠ticas
ESSA PODE SER A SUA OPORTUNIDADE?
Voc√™ est√° cursando Ensino Superior em Ci√™ncia de Dados, Engenharia da Computa√ß√£o, An√°lise e Desenvolvimento de Sistemas, Ci√™ncias da Computa√ß√£o, Sistemas de Informa√ß√£o, Qu√≠mica, Engenharia Qu√≠mica, Engenharia de Automa√ß√£o, Bioinform√°tica?
Vai se formar entre Agosto 2024 e Agosto 2025?
EXPERI√äNCIA, HABILIDADES E CONHECIMENTOS ESSENCIAIS
Cursando Ensino Superior em Ci√™ncia de Dados, Engenharia da Computa√ß√£o, An√°lise e Desenvolvimento de Sistemas, Ci√™ncias da Computa√ß√£o, Sistemas de Informa√ß√£o, Qu√≠mica, Engenharia Qu√≠mica, Engenharia de Automa√ß√£o, Bioinform√°tica
N√≠vel de conhecimento do Pacote Office Intermedi√°rio
N√≠vel de conhecimento de Ingl√™s Intermedi√°rio (Desej√°vel)
Experiencia com dados, an√°lises multivariadas e programa√ß√£o (Desej√°vel)
Disponibilidade para estagiar em regime de trabalho 100% presencial
Disponibilidade para estagiar 30 horas semanais
Data prevista de formatura entre Agosto 2024 e Agosto 2025
N√ìS SOMOS BAT

Estamos comprometidos com o nosso objetivo de construir Um Amanh√£ Melhor. √â isso que move as nossas pessoas. Veja quem √© a BAT
Top Employer Global
Presente em mais de 200 mercados, com 44 f√°bricas, em 42 pa√≠ses
L√≠der em diversidade no Financial Times e certificada pelo Global Equality Standard
Presente no √çndice de Sustentabilidade Dow Jones pelo 20¬∫ ano consecutivo ‚Äì e a √∫nica empresa de tabaco no √çndice Mundial
PERTENCER, ALCAN√áAR, JUNTOS

Colabora√ß√£o, diversidade e trabalho em equipe sustentam tudo o que fazemos aqui na BAT. Encorajamos diferentes pontos de vista e com isso entregamos resultados diferenciados com um alto padr√£o de excel√™ncia. Venha construir Um Amanh√£ Melhor com a gente!",,,,,,
"Sobre a vaga
A BAT √© uma empresa global, l√≠der em bens de consumo.

Estamos em 180 pa√≠ses e temos mais de 53 mil colaboradores ao redor do mundo. No Brasil, somos l√≠der no setor de tabaco h√° mais de um s√©culo e estamos evoluindo em ritmo acelerado - como nenhuma outra organiza√ß√£o. Somos CORAJOSOS, R√ÅPIDOS, EMPODERADOS, DIVERSOS E RESPONS√ÅVEIS. Esses s√£o os princ√≠pios que moldam nossa postura no dia a dia e s√£o a ess√™ncia da nossa cultura enquanto constru√≠mos o pr√≥ximo cap√≠tulo em nossa hist√≥ria.

Venha fazer parte dessa jornada!

BAT BRASIL, ANTIGA SOUZA CRUZ, EST√Å BUSCANDO POR PESSOA ESTAGI√ÅRIA DO N√çVEL SUPERIOR ‚Äì CI√äNCIA DE DADOS APLICADA √Ä QU√çMICA ANAL√çTICA

N√çVEL DE SENIORIDADE Est√°gio

FUN√á√ÉO Marketing SR&D

LOCALIZA√á√ÉO Cachoeirinha

PROGRAMA DE EST√ÅGIO 2023.2

Para desenvolver novos talentos e l√≠deres do amanh√£, na BAT Brasil, antiga Souza Cruz, contamos com um super Programa de Est√°gio! Nossos estagi√°rios e estagi√°rias aprendem na pr√°tica, lideram seus pr√≥prios projetos com a possibilidade de se conectar com pessoas de diferentes pa√≠ses, al√©m de contarem com uma plataforma de treinamento online para desenvolvimento pessoal e profissional. S√£o empoderados e empoderadas para transformar e gerar um impacto positivo.

J√° pensou em fazer a diferen√ßa em uma empresa global?

Sua chance pode estar mais perto do que nunca! Que tal deixar seu curr√≠culo conosco e concorrer a alguma das oportunidades que teremos dentro do Programa de Est√°gio 2023.2?

Reporta a Sample Management Manager

N√≠vel de reporte Est√°gio

Escopo Geogr√°fico Brasil

VOC√ä SER√Å RESPONS√ÅVEL POR
Engajamento com as √°reas globais de pesquisa e desenvolvimento tecnol√≥gico
Participa√ß√£o ativa nos projetos de tecnologia e inova√ß√£o
Auxiliar em atividades relacionadas ao time de quimiometria, estat√≠stica e programa√ß√£o
Organizar arquivos e documentos relacionados √†s suas atividades, garantindo a pronta localiza√ß√£o das informa√ß√µes
Participar ativamente na execu√ß√£o de projetos de pesquisa e inova√ß√£o com foco em atividades relacionadas √† an√°lise dos resultados gerados em diferentes t√©cnicas anal√≠ticas
ESSA PODE SER A SUA OPORTUNIDADE?
Voc√™ est√° cursando Ensino Superior em Ci√™ncia de Dados, Engenharia da Computa√ß√£o, An√°lise e Desenvolvimento de Sistemas, Ci√™ncias da Computa√ß√£o, Sistemas de Informa√ß√£o, Qu√≠mica, Engenharia Qu√≠mica, Engenharia de Automa√ß√£o, Bioinform√°tica?
Vai se formar entre Agosto 2024 e Agosto 2025?
EXPERI√äNCIA, HABILIDADES E CONHECIMENTOS ESSENCIAIS
Cursando Ensino Superior em Ci√™ncia de Dados, Engenharia da Computa√ß√£o, An√°lise e Desenvolvimento de Sistemas, Ci√™ncias da Computa√ß√£o, Sistemas de Informa√ß√£o, Qu√≠mica, Engenharia Qu√≠mica, Engenharia de Automa√ß√£o, Bioinform√°tica
N√≠vel de conhecimento do Pacote Office Intermedi√°rio
N√≠vel de conhecimento de Ingl√™s Intermedi√°rio (Desej√°vel)
Experiencia com dados, an√°lises multivariadas e programa√ß√£o (Desej√°vel)
Disponibilidade para estagiar em regime de trabalho 100% presencial
Disponibilidade para estagiar 30 horas semanais
Data prevista de formatura entre Agosto 2024 e Agosto 2025
N√ìS SOMOS BAT

Estamos comprometidos com o nosso objetivo de construir Um Amanh√£ Melhor. √â isso que move as nossas pessoas. Veja quem √© a BAT
Top Employer Global
Presente em mais de 200 mercados, com 44 f√°bricas, em 42 pa√≠ses
L√≠der em diversidade no Financial Times e certificada pelo Global Equality Standard
Presente no √çndice de Sustentabilidade Dow Jones pelo 20¬∫ ano consecutivo ‚Äì e a √∫nica empresa de tabaco no √çndice Mundial
PERTENCER, ALCAN√áAR, JUNTOS

Colabora√ß√£o, diversidade e trabalho em equipe sustentam tudo o que fazemos aqui na BAT. Encorajamos diferentes pontos de vista e com isso entregamos resultados diferenciados com um alto padr√£o de excel√™ncia. Venha construir Um Amanh√£ Melhor com a gente!",,,,,,
"Sobre a vaga
A BAT √© uma empresa global, l√≠der em bens de consumo.

Estamos em 180 pa√≠ses e temos mais de 53 mil colaboradores ao redor do mundo. No Brasil, somos l√≠der no setor de tabaco h√° mais de um s√©culo e estamos evoluindo em ritmo acelerado - como nenhuma outra organiza√ß√£o. Somos CORAJOSOS, R√ÅPIDOS, EMPODERADOS, DIVERSOS E RESPONS√ÅVEIS. Esses s√£o os princ√≠pios que moldam nossa postura no dia a dia e s√£o a ess√™ncia da nossa cultura enquanto constru√≠mos o pr√≥ximo cap√≠tulo em nossa hist√≥ria.

Venha fazer parte dessa jornada!

BAT BRASIL, ANTIGA SOUZA CRUZ, EST√Å BUSCANDO POR PESSOA ESTAGI√ÅRIA DO N√çVEL SUPERIOR ‚Äì ADMINISTRATIVO DE LABORAT√ìRIO

N√çVEL DE SENIORIDADE Est√°gio

FUN√á√ÉO Opera√ß√µes

LOCALIZA√á√ÉO Rio Negro, Paran√°

PROGRAMA DE EST√ÅGIO 2023.2

Para desenvolver novos talentos e l√≠deres do amanh√£, na BAT Brasil, antiga Souza Cruz, contamos com um super Programa de Est√°gio! Nossos estagi√°rios e estagi√°rias aprendem na pr√°tica, lideram seus pr√≥prios projetos com a possibilidade de se conectar com pessoas de diferentes pa√≠ses, al√©m de contarem com uma plataforma de treinamento online para desenvolvimento pessoal e profissional. S√£o empoderados e empoderadas para transformar e gerar um impacto positivo.

J√° pensou em fazer a diferen√ßa em uma empresa global?

Sua chance pode estar mais perto do que nunca! Que tal deixar seu curr√≠culo conosco e concorrer a alguma das oportunidades que teremos dentro do Programa de Est√°gio 2023.2?

Reporta a Coordenadora Pesquisa em Biotecnologia II

N√≠vel de reporte Est√°gio

Escopo Geogr√°fico Brasil

VOC√ä SER√Å RESPONS√ÅVEL POR
Controles de manuten√ß√£o e calibra√ß√£o, compras, estoques, recebimento de mercadorias
Solicita√ß√£o de notas fiscais, or√ßamentos e suprimentos (uniformes, EPIs; alimenta√ß√£o e higiene, etc)
Organiza√ß√£o de documentos f√≠sicos e digitais
Melhoria de planilhas e formul√°rios
Impress√£o de etiquetas
Atualiza√ß√£o de fichas de seguran√ßa
ESSA PODE SER A SUA OPORTUNIDADE?
Procurando novas oportunidades na √°rea de opera√ß√µes?
Vai se formar entre Agosto 2024 e Agosto 2025?
EXPERI√äNCIA, HABILIDADES E CONHECIMENTOS ESSENCIAIS
Cursando Ensino Superior em Administra√ß√£o, Ci√™ncias Cont√°beis, Gest√£o de Neg√≥cios e afins.
N√≠vel de conhecimento do Pacote Office intermedi√°rio
N√≠vel de conhecimento de ingl√™s b√°sico
Disponibilidade para estagiar em regime de trabalho 100% presencial
Disponibilidade para estagiar 30 horas semanais
Data prevista de formatura entre Agosto 2024 e Agosto 2025
N√ìS SOMOS BAT

Estamos comprometidos com o nosso objetivo de construir Um Amanh√£ Melhor. √â isso que move as nossas pessoas. Veja quem √© a BAT
Top Employer Global
Presente em mais de 200 mercados, com 44 f√°bricas, em 42 pa√≠ses
L√≠der em diversidade no Financial Times e certificada pelo Global Equality Standard
Presente no √çndice de Sustentabilidade Dow Jones pelo 20¬∫ ano consecutivo ‚Äì e a √∫nica empresa de tabaco no √çndice Mundial
PERTENCER, ALCAN√áAR, JUNTOS

Colabora√ß√£o, diversidade e trabalho em equipe sustentam tudo o que fazemos aqui na BAT. Encorajamos diferentes pontos de vista e com isso entregamos resultados diferenciados com um alto padr√£o de excel√™ncia. Venha construir Um Amanh√£ Melhor com a gente!",,,,,,
